brand,description,price,product_links
NASHER MILES,,₹919,
SBCOLLECTION,Large 35 L Backpack Backpack/School Bag/College Bag Office Casual Bag Waterproof School Bag,₹292,https://www.flipkart.com/sbcollection-backpack-school-bag-college-bag-office-casual-waterproof-school-35-l-backpack/p/itm33767d48bfdcb?pid=BKPH5VWJQZYQJVGE&lid=LSTBKPH5VWJQZYQJVGE9JRY7K&marketplace=FLIPKART&q=bag&store=search.flipkart.com&srno=s_1_2&otracker=search&otracker1=search&iid=en_Ty0samZyy4Hq-zsxqo6b5uLBnYd4sgzSWlKKNjwDGSjABddKyK8qnZMKNGrwm9aZrNGfPbLrVY7BbONnzscNFg%3D%3D&ssid=vk9ex0q4q80000001758308727422&qH=4a82715423d654d6
Bellveen,Small 10 L Backpack New Sling Bag Anti-Theft USB Crossbody Backpack Waterproof Chest Shoulder Bag,₹320,https://www.flipkart.com/bellveen-new-sling-bag-anti-theft-usb-crossbody-backpack-waterproof-chest-shoulder-10-l/p/itm561de32162215?pid=BKPH5Z4D94NPUKAY&lid=LSTBKPH5Z4D94NPUKAYUPBVH3&marketplace=FLIPKART&q=bag&store=search.flipkart.com&spotlightTagId=default_BestsellerId_reh%2F4d7%2Fak9&srno=s_1_3&otracker=search&otracker1=search&iid=d3391069-7342-4efd-955d-f4d27969ad19.BKPH5Z4D94NPUKAY.SEARCH&ssid=vk9ex0q4q80000001758308727422&qH=4a82715423d654d6
PROVOGUE,,₹219,
Mi,,₹279,
Luzian,Medium 22 L Backpack Casual School Design Tuition College Office Shoulder For Unisex,₹227,https://www.flipkart.com/luzian-casual-school-design-tuition-college-office-shoulder-unisex-22-l-backpack/p/itmeedb7b2edc7be?pid=BKPGZ8Y6FGZAGP7W&lid=LSTBKPGZ8Y6FGZAGP7WF2SAWO&marketplace=FLIPKART&q=bag&store=search.flipkart.com&srno=s_1_6&otracker=search&otracker1=search&iid=en_Ty0samZyy4Hq-zsxqo6b5uLBnYd4sgzSWlKKNjwDGSjP_Kfy97ytjnjlkSbt_nY1Eprag46tGKuO4_t7-8MYPg%3D%3D&ssid=vk9ex0q4q80000001758308727422&qH=4a82715423d654d6
SKYBAGS,,₹668,
SKYBAGS,,₹399,
PROVOGUE,,₹219,
ICHIEF,,₹395,
PROVOGUE,,₹219,
NASHER MILES,,₹909,
MYSASHOP,,₹371,
ICHIEF,,₹395,
K.B.SALES,,₹358,
K.B.SALES,,₹362,
NASHER MILES,,"₹1,509",
markway,Large 35 L Laptop Backpack spacy comfortable 4th to 10th class casual college Waterproof School Bag,₹264,https://www.flipkart.com/markway-spacy-comfortable-4th-10th-class-casual-college-waterproof-school-bag-35-l-backpack/p/itm254945957396d?pid=BKPGPPRDZGR5CTXE&lid=LSTBKPGPPRDZGR5CTXEGEFK3R&marketplace=FLIPKART&q=bag&store=search.flipkart.com&srno=s_1_18&otracker=search&otracker1=search&iid=en_Ty0samZyy4Hq-zsxqo6b5uLBnYd4sgzSWlKKNjwDGShrwHcMw5H3NsJzrwceAyK5Yxb7X2-fZbOafDuJb9Ia1A%3D%3D&ssid=vk9ex0q4q80000001758308727422&qH=4a82715423d654d6
Gear,,₹659,
Gear,,₹659,
NASHER MILES,,₹869,
markway,Large 35 L Backpack /School Bag/College Office Casual Waterproof School,₹285,https://www.flipkart.com/markway-school-bag-college-office-casual-waterproof-school-35-l-backpack/p/itm99496768698ff?pid=BKPGSFTZEGUZX9SC&lid=LSTBKPGSFTZEGUZX9SCCCCWJG&marketplace=FLIPKART&q=bag&store=search.flipkart.com&srno=s_1_22&otracker=search&otracker1=search&iid=en_Ty0samZyy4Hq-zsxqo6b5uLBnYd4sgzSWlKKNjwDGSgjLYbjxUfF6ejjTnHPhqFnArslFHS3r3piWO5yO3EFHA%3D%3D&ssid=vk9ex0q4q80000001758308727422&qH=4a82715423d654d6
Daawat,Rozana Super Basmati Rice (Medium Grain),₹495,https://www.flipkart.com/daawat-rozana-super-basmati-rice-medium-grain/p/itm896102b1273b2?pid=RICEUC2Y2FPTSNU9&lid=LSTRICEUC2Y2FPTSNU9IVPFRD&marketplace=FLIPKART&q=bag&store=search.flipkart.com&srno=s_1_23&otracker=search&otracker1=search&iid=d3391069-7342-4efd-955d-f4d27969ad19.RICEUC2Y2FPTSNU9.SEARCH&ssid=vk9ex0q4q80000001758308727422&qH=4a82715423d654d6
markway,Large 35 L Laptop Backpack Water Resistant(Blue) Waterproof School Bag,₹302,https://www.flipkart.com/markway-water-resistant-blue-waterproof-school-bag-35-l-backpack/p/itm16b9f9249ead4?pid=BKPH6GTSUZY9RUZE&lid=LSTBKPH6GTSUZY9RUZEJ7SGHY&marketplace=FLIPKART&q=bag&store=search.flipkart.com&srno=s_1_24&otracker=search&otracker1=search&iid=d3391069-7342-4efd-955d-f4d27969ad19.BKPH6GTSUZY9RUZE.SEARCH&ssid=vk9ex0q4q80000001758308727422&qH=4a82715423d654d6
LUHI,,₹330,
PROVOGUE,,₹219,
SWISS MILITARY,,"₹1,499",
SBCOLLECTION,,₹411,
SKYBAGS,,₹399,
WROGN,,₹789,
PLEXY,,₹471,
SBCOLLECTION,Medium 30 L Laptop Backpack Reflective Strip Waterproof Office/School/College/Business/Travel Bag Unisex,₹272,https://www.flipkart.com/sbcollection-reflective-strip-waterproof-office-school-college-business-travel-bag-unisex-30-l-backpack/p/itm49ebf73d3a368?pid=BKPGW3MDMBEXCUHJ&lid=LSTBKPGW3MDMBEXCUHJAUKJ1E&marketplace=FLIPKART&q=bag&store=search.flipkart.com&srno=s_1_32&otracker=search&otracker1=search&iid=en_Ty0samZyy4Hq-zsxqo6b5uLBnYd4sgzSWlKKNjwDGShLCYGdQMXX_7xh4_JtedxNkqXcK_Gf2UF3mdDMXmrv7g%3D%3D&ssid=vk9ex0q4q80000001758308727422&qH=4a82715423d654d6
WEIRVI,1.5 L Backpack Multifunction Anti-Theft Sacgear Sling Bag,₹321,https://www.flipkart.com/weirvi-multifunction-anti-theft-sacgear-sling-bag-1-5-l-backpack/p/itme9741221be353?pid=BKPGXM4YZDNBRGGY&lid=LSTBKPGXM4YZDNBRGGYBUGKI6&marketplace=FLIPKART&q=bag&store=search.flipkart.com&srno=s_1_33&otracker=search&otracker1=search&iid=d3391069-7342-4efd-955d-f4d27969ad19.BKPGXM4YZDNBRGGY.SEARCH&ssid=vk9ex0q4q80000001758308727422&qH=4a82715423d654d6
MYSASHOP,,₹379,
LUHI,,₹357,
HOPZ,Black Men & Women Sling Bag Sling Chest Bag For Men & Women Waterproof Sling Backpack Bag with USB Charging,₹344,https://www.flipkart.com/hopz-black-sling-bag-chest-men-women-waterproof-backpack-usb-charging/p/itm65d28a0217de4?pid=SLBGQJHVF5H8TXJZ&lid=LSTSLBGQJHVF5H8TXJZQNCC7V&marketplace=FLIPKART&q=bag&store=search.flipkart.com&srno=s_1_36&otracker=search&otracker1=search&iid=d3391069-7342-4efd-955d-f4d27969ad19.SLBGQJHVF5H8TXJZ.SEARCH&ssid=vk9ex0q4q80000001758308727422&qH=4a82715423d654d6
markway,Large 35 L Laptop Backpack Laptop Water Resistant () Waterproof School Bag,₹301,https://www.flipkart.com/markway-laptop-water-resistant-waterproof-school-bag-35-l-backpack/p/itm794ecbef95dc3?pid=BKPH6GTSN8HRQR5Y&lid=LSTBKPH6GTSN8HRQR5YX7NOL7&marketplace=FLIPKART&q=bag&store=search.flipkart.com&srno=s_1_37&otracker=search&otracker1=search&iid=en_Ty0samZyy4Hq-zsxqo6b5uLBnYd4sgzSWlKKNjwDGShMF3grYP23Sv4BcrXNJ3ijGTwMYuC53Aa-D7mCYYLYZg%3D%3D&ssid=vk9ex0q4q80000001758308727422&qH=4a82715423d654d6
markway,Large 35 L Backpack School /College Office Casual Waterproof,₹279,https://www.flipkart.com/markway-school-college-office-casual-waterproof-35-l-backpack/p/itm22fba92920e5e?pid=BKPGSFTZEYNUWQTH&lid=LSTBKPGSFTZEYNUWQTHFQ3MRG&marketplace=FLIPKART&q=bag&store=search.flipkart.com&srno=s_1_38&otracker=search&otracker1=search&iid=en_Ty0samZyy4Hq-zsxqo6b5uLBnYd4sgzSWlKKNjwDGSgSg93jSsFZzw-zOOzQDdRA2HG1kUOC2i1MYqeDKU5aXg%3D%3D&ssid=vk9ex0q4q80000001758308727422&qH=4a82715423d654d6
Woons,Grey Men Sling Bag Cross body Men’s Sling Messenger Bag for Travel / Office / Business,₹153,https://www.flipkart.com/woons-grey-sling-bag-cross-body-mens-messenger-travel-office-business/p/itmb665f7dfbb9db?pid=SLBHFE3ZYXFFKFPG&lid=LSTSLBHFE3ZYXFFKFPGFPQRND&marketplace=FLIPKART&q=bag&store=search.flipkart.com&srno=s_1_39&otracker=search&otracker1=search&iid=d3391069-7342-4efd-955d-f4d27969ad19.SLBHFE3ZYXFFKFPG.SEARCH&ssid=vk9ex0q4q80000001758308727422&qH=4a82715423d654d6
ICHIEF,,₹298,
NASHER MILES,,₹919,
SBCOLLECTION,Large 35 L Backpack Backpack/School Bag/College Bag Office Casual Bag Waterproof School Bag,₹292,https://www.flipkart.com/sbcollection-backpack-school-bag-college-bag-office-casual-waterproof-school-35-l-backpack/p/itm33767d48bfdcb?pid=BKPH5VWJQZYQJVGE&lid=LSTBKPH5VWJQZYQJVGE9JRY7K&marketplace=FLIPKART&q=bag&store=search.flipkart.com&srno=s_2_42&otracker=search&otracker1=search&iid=en_ljUQexHDyU66BBwwqkoH8kqziChWV2BBF5_8sTrZM71KvgI4MCixb3oQ6W96Ni0zrNGfPbLrVY7BbONnzscNFg%3D%3D&ssid=m3dnrzzfsw0000001758308747915&qH=4a82715423d654d6
MODISH,"45 L Gym Duffel Bag - Gym bag 45L travel large capacity portable foldable bag, carry luggage - Multicolor",₹494,https://www.flipkart.com/modish-expandable-gym-bag-45l-travel-large-capacity-portable-foldable-bag-carry-luggage-duffel/p/itm825d9857affd5?pid=DFBH8VVWADFDEGUK&lid=LSTDFBH8VVWADFDEGUK6GU7D4&marketplace=FLIPKART&q=bag&store=search.flipkart.com&srno=s_2_43&otracker=search&otracker1=search&iid=e4268cbf-7b3d-4933-917c-ac136e283a8d.DFBH8VVWADFDEGUK.SEARCH&ssid=m3dnrzzfsw0000001758308747915&qH=4a82715423d654d6
,,₹226,
PROVOGUE,,₹219,
markway,Large 35 L Laptop Backpack Laptop Water Resistant () Waterproof School Bag,₹299,https://www.flipkart.com/markway-laptop-water-resistant-waterproof-school-bag-35-l-backpack/p/itmb37711982dac7?pid=BKPH6GTSAMGUBHH7&lid=LSTBKPH6GTSAMGUBHH7LYSWAW&marketplace=FLIPKART&q=bag&store=search.flipkart.com&srno=s_2_46&otracker=search&otracker1=search&iid=e4268cbf-7b3d-4933-917c-ac136e283a8d.BKPH6GTSAMGUBHH7.SEARCH&ssid=m3dnrzzfsw0000001758308747915&qH=4a82715423d654d6
Luzian,Medium 22 L Backpack Casual School Design Tuition College Office Shoulder For Unisex,₹227,https://www.flipkart.com/luzian-casual-school-design-tuition-college-office-shoulder-unisex-22-l-backpack/p/itmeedb7b2edc7be?pid=BKPGZ8Y6FGZAGP7W&lid=LSTBKPGZ8Y6FGZAGP7WF2SAWO&marketplace=FLIPKART&q=bag&store=search.flipkart.com&srno=s_2_47&otracker=search&otracker1=search&iid=en_ljUQexHDyU66BBwwqkoH8kqziChWV2BBF5_8sTrZM70jCV6avrNGCcSKsldn2cDo-aAB3YL6_mdNKMsbnPf9Sg%3D%3D&ssid=m3dnrzzfsw0000001758308747915&qH=4a82715423d654d6
NASHER MILES,,₹909,
PUMA,,₹549,
STOIC,,₹349,
NASHER MILES,,"₹1,509",
markway,Large 35 L Laptop Backpack spacy comfortable 4th to 10th class casual college Waterproof School Bag,₹264,https://www.flipkart.com/markway-spacy-comfortable-4th-10th-class-casual-college-waterproof-school-bag-35-l-backpack/p/itm254945957396d?pid=BKPGPPRDZGR5CTXE&lid=LSTBKPGPPRDZGR5CTXEGEFK3R&marketplace=FLIPKART&q=bag&store=search.flipkart.com&srno=s_2_52&otracker=search&otracker1=search&iid=en_ljUQexHDyU66BBwwqkoH8kqziChWV2BBF5_8sTrZM701oo8b_bHBsUP1jQtUst_pCfBg-XDaWZZjvHmexSPabg%3D%3D&ssid=m3dnrzzfsw0000001758308747915&qH=4a82715423d654d6
Skyberg,,₹458,
PUMA,,"₹1,189",
Bright Luggage,Green Men & Women Sling Bag - Medium Unisex Polyester Sling & Cross-Body Bag (BL53G),₹169,https://www.flipkart.com/bright-luggage-green-sling-bag-unisex-polyester-cross-body-bl53g/p/itmaf62620d1f190?pid=SLBFZ6CVWZRQPDE6&lid=LSTSLBFZ6CVWZRQPDE6DHQ7FJ&marketplace=FLIPKART&q=bag&store=search.flipkart.com&srno=s_2_55&otracker=search&otracker1=search&iid=e4268cbf-7b3d-4933-917c-ac136e283a8d.SLBFZ6CVWZRQPDE6.SEARCH&ssid=m3dnrzzfsw0000001758308747915&qH=4a82715423d654d6
ZipCraze,"Grey, Brown Men & Women Shoulder Bag Stylish Crossbody Sling Bag with USB Charging Port & Secure Locking System",₹500,https://www.flipkart.com/zipcraze-grey-brown-shoulder-bag-stylish-crossbody-sling-usb-charging-port-secure-locking-system/p/itm6e43346a74d16?pid=SLBHEHJDQC8GGPSH&lid=LSTSLBHEHJDQC8GGPSHWTGTUU&marketplace=FLIPKART&q=bag&store=search.flipkart.com&srno=s_2_56&otracker=search&otracker1=search&iid=e4268cbf-7b3d-4933-917c-ac136e283a8d.SLBHEHJDQC8GGPSH.SEARCH&ssid=m3dnrzzfsw0000001758308747915&qH=4a82715423d654d6
NASHER MILES,,₹869,
markway,Large 35 L Backpack /School Bag/College Office Casual Waterproof School,₹285,https://www.flipkart.com/markway-school-bag-college-office-casual-waterproof-school-35-l-backpack/p/itm99496768698ff?pid=BKPGSFTZEGUZX9SC&lid=LSTBKPGSFTZEGUZX9SCCCCWJG&marketplace=FLIPKART&q=bag&store=search.flipkart.com&srno=s_2_58&otracker=search&otracker1=search&iid=en_ljUQexHDyU66BBwwqkoH8kqziChWV2BBF5_8sTrZM711dCeAZzBBSt2F1uMeaI2XE_6l5goJwzkwLxoYgsdM2w%3D%3D&ssid=m3dnrzzfsw0000001758308747915&qH=4a82715423d654d6
ICHIEF,Brown Men Sling Bag Draper Shoulder/Cross Body Bag/Unisex Sling Bag with Padded Tab Compartment,₹469,https://www.flipkart.com/ichief-brown-sling-bag-draper-shoulder-cross-body-bag-unisex-padded-tab-compartment/p/itm25b2a9d8fccd7?pid=SLBGVH6PJYGPMHWS&lid=LSTSLBGVH6PJYGPMHWSIFYPTQ&marketplace=FLIPKART&q=bag&store=search.flipkart.com&srno=s_2_59&otracker=search&otracker1=search&iid=e4268cbf-7b3d-4933-917c-ac136e283a8d.SLBGVH6PJYGPMHWS.SEARCH&ssid=m3dnrzzfsw0000001758308747915&qH=4a82715423d654d6
MYSASHOP,,₹340,
SWISS MILITARY,,"₹1,499",
SBCOLLECTION,,₹411,
STORITE,,₹466,
Elevea,,₹317,
Wildcraft,,₹539,
INDIA GATE,1 Cup Serves 5 Mini Mogra | Aged Rice | Smart Choice Basmati Rice (Polished),₹378,https://www.flipkart.com/india-gate-1-cup-serves-5-mini-mogra-aged-rice-smart-choice-basmati-polished/p/itma9f148e345d31?pid=RICF4W2FZKK5GVT7&lid=LSTRICF4W2FZKK5GVT7S1MGGO&marketplace=FLIPKART&q=bag&store=search.flipkart.com&srno=s_2_66&otracker=search&otracker1=search&iid=e4268cbf-7b3d-4933-917c-ac136e283a8d.RICF4W2FZKK5GVT7.SEARCH&ssid=m3dnrzzfsw0000001758308747915&qH=4a82715423d654d6
PLEXY,,₹471,
SBCOLLECTION,Medium 30 L Laptop Backpack Reflective Strip Waterproof Office/School/College/Business/Travel Bag Unisex,₹272,https://www.flipkart.com/sbcollection-reflective-strip-waterproof-office-school-college-business-travel-bag-unisex-30-l-backpack/p/itm49ebf73d3a368?pid=BKPGW3MDMBEXCUHJ&lid=LSTBKPGW3MDMBEXCUHJAUKJ1E&marketplace=FLIPKART&q=bag&store=search.flipkart.com&srno=s_2_68&otracker=search&otracker1=search&iid=en_ljUQexHDyU66BBwwqkoH8kqziChWV2BBF5_8sTrZM70x-4Rk59tU3b5d_qMsTXdLN8m6aPlpSiBo5S8X7BMG_g%3D%3D&ssid=m3dnrzzfsw0000001758308747915&qH=4a82715423d654d6
PUMA,,₹699,
SBCOLLECTION,,₹388,
markway,Large 35 L Laptop Backpack Laptop Water Resistant () Waterproof School Bag,₹301,https://www.flipkart.com/markway-laptop-water-resistant-waterproof-school-bag-35-l-backpack/p/itm794ecbef95dc3?pid=BKPH6GTSN8HRQR5Y&lid=LSTBKPH6GTSN8HRQR5YX7NOL7&marketplace=FLIPKART&q=bag&store=search.flipkart.com&srno=s_2_71&otracker=search&otracker1=search&iid=en_ljUQexHDyU66BBwwqkoH8kqziChWV2BBF5_8sTrZM70mml4qLoq4SiVX35p3DPul9SSYSYUfavO4JXHJfdkyXw%3D%3D&ssid=m3dnrzzfsw0000001758308747915&qH=4a82715423d654d6
markway,Large 35 L Backpack School /College Office Casual Waterproof,₹279,https://www.flipkart.com/markway-school-college-office-casual-waterproof-35-l-backpack/p/itm22fba92920e5e?pid=BKPGSFTZEYNUWQTH&lid=LSTBKPGSFTZEYNUWQTHFQ3MRG&marketplace=FLIPKART&q=bag&store=search.flipkart.com&srno=s_2_72&otracker=search&otracker1=search&iid=en_ljUQexHDyU66BBwwqkoH8kqziChWV2BBF5_8sTrZM738S3KUOumEFb0y7GJ9u7VXEHcCTrnB5mx0oQZ49t4UHA%3D%3D&ssid=m3dnrzzfsw0000001758308747915&qH=4a82715423d654d6
Skyberg,,₹458,
Wildcraft,,₹999,
worng,,₹432,
Kidziit,,₹352,
HRX by Hrithik Roshan,,₹789,
markway,Large 35 L Backpack School/College Office Casual Waterproof bag,₹298,https://www.flipkart.com/markway-school-college-office-casual-waterproof-bag-35-l-backpack/p/itm5d272221888ec?pid=BKPGSFTZG6YVZB6F&lid=LSTBKPGSFTZG6YVZB6F0V1GDU&marketplace=FLIPKART&q=bag&store=search.flipkart.com&srno=s_2_78&otracker=search&otracker1=search&iid=en_ljUQexHDyU66BBwwqkoH8kqziChWV2BBF5_8sTrZM73mec_bdtcvY5CklQupZhAgqynNfS070csxG0BPTgYD9A%3D%3D&ssid=m3dnrzzfsw0000001758308747915&qH=4a82715423d654d6
LIZIQI,,₹262,
DAHSHA,,₹378,
NASHER MILES,,₹919,
SBCOLLECTION,Large 35 L Backpack Backpack/School Bag/College Bag Office Casual Bag Waterproof School Bag,₹292,https://www.flipkart.com/sbcollection-backpack-school-bag-college-bag-office-casual-waterproof-school-35-l-backpack/p/itm33767d48bfdcb?pid=BKPH5VWJQZYQJVGE&lid=LSTBKPH5VWJQZYQJVGE9JRY7K&marketplace=FLIPKART&q=bag&store=search.flipkart.com&srno=s_3_82&otracker=search&otracker1=search&iid=en_aPFyPPS_AGxHCAphE6Hz5WVTIE3d94MfXXIWasS2K-o2vVdRgXX0rGM0SWJb46tJrNGfPbLrVY7BbONnzscNFg%3D%3D&ssid=rmxoy2mvvk0000001758308755093&qH=4a82715423d654d6
ZipCraze,"Brown Men Messenger Bag - Laptop Bag for Men, PU Leather Expandable Office Bag for Men, 15.6 inches",₹500,https://www.flipkart.com/zipcraze-brown-messenger-bag-laptop-men-pu-leather-expandable-office-15-6-inches/p/itm0d5c1dc914159?pid=SLBHA535MAW37PGD&lid=LSTSLBHA535MAW37PGDOUR689&marketplace=FLIPKART&q=bag&store=search.flipkart.com&srno=s_3_83&otracker=search&otracker1=search&iid=c4755d92-ccd8-41cc-a317-6c2f9d0142e3.SLBHA535MAW37PGD.SEARCH&ssid=rmxoy2mvvk0000001758308755093&qH=4a82715423d654d6
ACEPACK by VERAGE,37 L Gym Duffel Bag - Boxer - Grey,₹279,https://www.flipkart.com/acepack-verage-boxer-gym-duffel-bag/p/itmb4b58dfff304c?pid=DFBH4C94SQB3PBDX&lid=LSTDFBH4C94SQB3PBDXNMFDGL&marketplace=FLIPKART&q=bag&store=search.flipkart.com&srno=s_3_84&otracker=search&otracker1=search&iid=c4755d92-ccd8-41cc-a317-6c2f9d0142e3.DFBH4C94SQB3PBDX.SEARCH&ssid=rmxoy2mvvk0000001758308755093&qH=4a82715423d654d6
MODISH,,₹445,
Unity,From The House of India Gate - Mini Mogra Basmati Rice (Broken Grain),₹590,https://www.flipkart.com/unity-house-india-gate-mini-mogra-basmati-rice-broken-grain/p/itm96a1f88b0009b?pid=RICGFJGUZ3YWG7WM&lid=LSTRICGFJGUZ3YWG7WMTQ0YYB&marketplace=FLIPKART&q=bag&store=search.flipkart.com&srno=s_3_86&otracker=search&otracker1=search&iid=c4755d92-ccd8-41cc-a317-6c2f9d0142e3.RICGFJGUZ3YWG7WM.SEARCH&ssid=rmxoy2mvvk0000001758308755093&qH=4a82715423d654d6
Luzian,Medium 22 L Backpack Casual School Design Tuition College Office Shoulder For Unisex,₹227,https://www.flipkart.com/luzian-casual-school-design-tuition-college-office-shoulder-unisex-22-l-backpack/p/itmeedb7b2edc7be?pid=BKPGZ8Y6FGZAGP7W&lid=LSTBKPGZ8Y6FGZAGP7WF2SAWO&marketplace=FLIPKART&q=bag&store=search.flipkart.com&srno=s_3_87&otracker=search&otracker1=search&iid=en_aPFyPPS_AGxHCAphE6Hz5WVTIE3d94MfXXIWasS2K-rPVx26Nzj-blhgOUEYRVn8kskQEe18VY8O4odwcXcvlQ%3D%3D&ssid=rmxoy2mvvk0000001758308755093&qH=4a82715423d654d6
PROVOGUE,,₹219,
elecrae,Small 20 L Laptop Backpack Light weight back pack for office and school bags,"₹2,999",https://www.flipkart.com/elecrae-light-weight-back-pack-office-school-bags-20-l-backpack/p/itm7e6730d4838c0?pid=BKPGUHUBKUBGAC6Y&lid=LSTBKPGUHUBKUBGAC6Y7U4M4N&marketplace=FLIPKART&q=bag&store=search.flipkart.com&srno=s_3_89&otracker=search&otracker1=search&iid=c4755d92-ccd8-41cc-a317-6c2f9d0142e3.BKPGUHUBKUBGAC6Y.SEARCH&ssid=rmxoy2mvvk0000001758308755093&qH=4a82715423d654d6
PUMA,,₹669,
NASHER MILES,,₹909,
NASHER MILES,,"₹1,509",
HP,,₹419,
PUMA,,₹549,
SKYBAGS,,₹399,
crafty craft,,₹159,
markway,Large 35 L Laptop Backpack spacy comfortable 4th to 10th class casual college Waterproof School Bag,₹264,https://www.flipkart.com/markway-spacy-comfortable-4th-10th-class-casual-college-waterproof-school-bag-35-l-backpack/p/itm254945957396d?pid=BKPGPPRDZGR5CTXE&lid=LSTBKPGPPRDZGR5CTXEGEFK3R&marketplace=FLIPKART&q=bag&store=search.flipkart.com&srno=s_3_97&otracker=search&otracker1=search&iid=en_aPFyPPS_AGxHCAphE6Hz5WVTIE3d94MfXXIWasS2K-rwI_mYJ8PMXmFcAqaOKBitROHuuZi0fUGdG2U0bppC0Q%3D%3D&ssid=rmxoy2mvvk0000001758308755093&qH=4a82715423d654d6
NASHER MILES,,₹869,
Straplt,,₹218,
Kidsvelly,,₹398,
markway,Large 35 L Backpack /School Bag/College Office Casual Waterproof School,₹285,https://www.flipkart.com/markway-school-bag-college-office-casual-waterproof-school-35-l-backpack/p/itm99496768698ff?pid=BKPGSFTZEGUZX9SC&lid=LSTBKPGSFTZEGUZX9SCCCCWJG&marketplace=FLIPKART&q=bag&store=search.flipkart.com&srno=s_3_101&otracker=search&otracker1=search&iid=en_aPFyPPS_AGxHCAphE6Hz5WVTIE3d94MfXXIWasS2K-qB5r4sbLsenHo-CJwN3R_XE_6l5goJwzkwLxoYgsdM2w%3D%3D&ssid=rmxoy2mvvk0000001758308755093&qH=4a82715423d654d6
SWISS MILITARY,,"₹1,499",
ZipCraze,,₹500,
NAVRANGI,,₹350,
MUSCLEBLAZE,,₹449,
MSY STYLE,,₹324,
SBCOLLECTION,,₹411,
PLEXY,,₹471,
INDIA GATE,"1 Cup Serves 5 Mogra | Aged Rice | Smart Choice Basmati Rice (Broken Grain, Polished)",₹460,https://www.flipkart.com/india-gate-1-cup-serves-5-mogra-aged-rice-smart-choice-basmati-broken-grain-polished/p/itm61dd444cd7858?pid=RICEUC2YJAGMXRYF&lid=LSTRICEUC2YJAGMXRYFYGV9C9&marketplace=FLIPKART&q=bag&store=search.flipkart.com&srno=s_3_109&otracker=search&otracker1=search&iid=c4755d92-ccd8-41cc-a317-6c2f9d0142e3.RICEUC2YJAGMXRYF.SEARCH&ssid=rmxoy2mvvk0000001758308755093&qH=4a82715423d654d6
Roadster,,₹549,
markway,Large 35 L Laptop Backpack Laptop Water Resistant () Waterproof School Bag,₹301,https://www.flipkart.com/markway-laptop-water-resistant-waterproof-school-bag-35-l-backpack/p/itm794ecbef95dc3?pid=BKPH6GTSN8HRQR5Y&lid=LSTBKPH6GTSN8HRQR5YX7NOL7&marketplace=FLIPKART&q=bag&store=search.flipkart.com&srno=s_3_111&otracker=search&otracker1=search&iid=en_aPFyPPS_AGxHCAphE6Hz5WVTIE3d94MfXXIWasS2K-qQpthzzr0UQG3Uy6hDNwzaneuIKAoHKaHNqY_6VcXxWw%3D%3D&ssid=rmxoy2mvvk0000001758308755093&qH=4a82715423d654d6
markway,Large 35 L Backpack School /College Office Casual Waterproof,₹279,https://www.flipkart.com/markway-school-college-office-casual-waterproof-35-l-backpack/p/itm22fba92920e5e?pid=BKPGSFTZEYNUWQTH&lid=LSTBKPGSFTZEYNUWQTHFQ3MRG&marketplace=FLIPKART&q=bag&store=search.flipkart.com&srno=s_3_112&otracker=search&otracker1=search&iid=en_aPFyPPS_AGxHCAphE6Hz5WVTIE3d94MfXXIWasS2K-rCEmVXSteAZIXjKiONfc1hIdom9fwcbTQsPQWtz6gqcg%3D%3D&ssid=rmxoy2mvvk0000001758308755093&qH=4a82715423d654d6
PROVOGUE,,₹659,
SAFARI,,₹349,
HUNTER,,₹398,
Gear,,₹246,
SBCOLLECTION,Medium 30 L Laptop Backpack Reflective Strip Waterproof Office/School/College/Business/Travel Bag Unisex,₹272,https://www.flipkart.com/sbcollection-reflective-strip-waterproof-office-school-college-business-travel-bag-unisex-30-l-backpack/p/itm49ebf73d3a368?pid=BKPGW3MDMBEXCUHJ&lid=LSTBKPGW3MDMBEXCUHJAUKJ1E&marketplace=FLIPKART&q=bag&store=search.flipkart.com&srno=s_3_117&otracker=search&otracker1=search&iid=en_aPFyPPS_AGxHCAphE6Hz5WVTIE3d94MfXXIWasS2K-oEqv5XUwXEJnudweA5B5uMCCRaqLBHv3iAsRiiKIZ4dg%3D%3D&ssid=rmxoy2mvvk0000001758308755093&qH=4a82715423d654d6
HRX by Hrithik Roshan,,₹789,
SAFARI,,"₹1,299",
Atipriya,"Grey Men & Women Sling Bag Men's and Women's Polyester Sling Crossbody Bag, pack of 1 multicolor",₹179,https://www.flipkart.com/atipriya-grey-sling-bag-men-s-women-s-polyester-crossbody-bag-pack-1-multicolor/p/itm6f56d0cd96c01?pid=SLBGF3DYSZSVDHRH&lid=LSTSLBGF3DYSZSVDHRHCQJSKU&marketplace=FLIPKART&q=bag&store=search.flipkart.com&srno=s_3_120&otracker=search&otracker1=search&iid=c4755d92-ccd8-41cc-a317-6c2f9d0142e3.SLBGF3DYSZSVDHRH.SEARCH&ssid=rmxoy2mvvk0000001758308755093&qH=4a82715423d654d6
NASHER MILES,,₹919,
SBCOLLECTION,Large 35 L Backpack Backpack/School Bag/College Bag Office Casual Bag Waterproof School Bag,₹292,https://www.flipkart.com/sbcollection-backpack-school-bag-college-bag-office-casual-waterproof-school-35-l-backpack/p/itm33767d48bfdcb?pid=BKPH5VWJQZYQJVGE&lid=LSTBKPH5VWJQZYQJVGE9JRY7K&marketplace=FLIPKART&q=bag&store=search.flipkart.com&srno=s_4_122&otracker=search&otracker1=search&iid=en_sKvy9JCZFqmYZ_srel1ksOpLGPx4eUYNG5MGrU-6vBnXiLMTQFhDM3W8DH4KYnizrNGfPbLrVY7BbONnzscNFg%3D%3D&ssid=u0rjxintfk0000001758308767462&qH=4a82715423d654d6
Safari go,,₹450,
ICHIEF,Tan Men Sling Bag Draper Shoulder/Cross Body Bag/Unisex Sling Bag with Padded Tab Compartment,₹462,https://www.flipkart.com/ichief-tan-sling-bag-draper-shoulder-cross-body-bag-unisex-padded-tab-compartment/p/itm52e7a1504a4f0?pid=SLBGVH6PXE4ZFSZZ&lid=LSTSLBGVH6PXE4ZFSZZ2HXZSF&marketplace=FLIPKART&q=bag&store=search.flipkart.com&srno=s_4_124&otracker=search&otracker1=search&iid=d889bbb0-40d4-4f6c-bf82-f9b4f942bb09.SLBGVH6PXE4ZFSZZ.SEARCH&ssid=u0rjxintfk0000001758308767462&qH=4a82715423d654d6
WAYCRAFT,,₹248,
WROGN,,₹368,
Luzian,Medium 22 L Backpack Casual School Design Tuition College Office Shoulder For Unisex,₹227,https://www.flipkart.com/luzian-casual-school-design-tuition-college-office-shoulder-unisex-22-l-backpack/p/itmeedb7b2edc7be?pid=BKPGZ8Y6FGZAGP7W&lid=LSTBKPGZ8Y6FGZAGP7WF2SAWO&marketplace=FLIPKART&q=bag&store=search.flipkart.com&srno=s_4_127&otracker=search&otracker1=search&iid=en_sKvy9JCZFqmYZ_srel1ksOpLGPx4eUYNG5MGrU-6vBkKUravRpEGVWTNKDlenuTk-aAB3YL6_mdNKMsbnPf9Sg%3D%3D&ssid=u0rjxintfk0000001758308767462&qH=4a82715423d654d6
PROVOGUE,,₹219,
MONVELLI,,₹198,
FORTUNE,,₹800,
NASHER MILES,,₹909,
NASHER MILES,,"₹1,509",
Gear,,₹969,
PROVOGUE,,₹369,
NDT,Small 6 L Laptop Backpack Anti-theft Water-Resistant Cross body Bags With USB Charging Port Bag Phone,₹319,https://www.flipkart.com/ndt-anti-theft-water-resistant-cross-body-bags-usb-charging-port-bag-phone-6-l-backpack/p/itmfced9a6cdc1a7?pid=BKPHDHCQVTNTEVSY&lid=LSTBKPHDHCQVTNTEVSYK7ALQB&marketplace=FLIPKART&q=bag&store=search.flipkart.com&srno=s_4_135&otracker=search&otracker1=search&iid=d889bbb0-40d4-4f6c-bf82-f9b4f942bb09.BKPHDHCQVTNTEVSY.SEARCH&ssid=u0rjxintfk0000001758308767462&qH=4a82715423d654d6
markway,,₹305,
markway,Large 35 L Laptop Backpack spacy comfortable 4th to 10th class casual college Waterproof School Bag,₹264,https://www.flipkart.com/markway-spacy-comfortable-4th-10th-class-casual-college-waterproof-school-bag-35-l-backpack/p/itm254945957396d?pid=BKPGPPRDZGR5CTXE&lid=LSTBKPGPPRDZGR5CTXEGEFK3R&marketplace=FLIPKART&q=bag&store=search.flipkart.com&srno=s_4_137&otracker=search&otracker1=search&iid=en_sKvy9JCZFqmYZ_srel1ksOpLGPx4eUYNG5MGrU-6vBmXyRISpOnWe8ejBRn4_2b6CfBg-XDaWZZjvHmexSPabg%3D%3D&ssid=u0rjxintfk0000001758308767462&qH=4a82715423d654d6
NASHER MILES,,₹869,
fellow,55 L Laptop Backpack Trekking bag travel bag luggage bag rucksack bag Rucksack - 55 L,₹328,https://www.flipkart.com/fellow-trekking-bag-travel-luggage-rucksack-55-l-22-inch-backpack/p/itm33af6ed207301?pid=RKSGAJWZVANAF6UC&lid=LSTRKSGAJWZVANAF6UCO5SK1A&marketplace=FLIPKART&q=bag&store=search.flipkart.com&srno=s_4_139&otracker=search&otracker1=search&iid=d889bbb0-40d4-4f6c-bf82-f9b4f942bb09.RKSGAJWZVANAF6UC.SEARCH&ssid=u0rjxintfk0000001758308767462&qH=4a82715423d654d6
ZWEELAY,,₹335,
markway,Large 35 L Backpack /School Bag/College Office Casual Waterproof School,₹285,https://www.flipkart.com/markway-school-bag-college-office-casual-waterproof-school-35-l-backpack/p/itm99496768698ff?pid=BKPGSFTZEGUZX9SC&lid=LSTBKPGSFTZEGUZX9SCCCCWJG&marketplace=FLIPKART&q=bag&store=search.flipkart.com&srno=s_4_141&otracker=search&otracker1=search&iid=en_sKvy9JCZFqmYZ_srel1ksOpLGPx4eUYNG5MGrU-6vBmBaT-6SS9fFk69ow61r96YE_6l5goJwzkwLxoYgsdM2w%3D%3D&ssid=u0rjxintfk0000001758308767462&qH=4a82715423d654d6
SWISS MILITARY,,"₹1,499",
Swanky,,₹198,
Byoode,,₹295,
CRZYDE,,₹385,
STORITE,,₹489,
SBCOLLECTION,,₹411,
PLEXY,,₹471,
Alison,Brown Men Sling Bag Black for Men,₹328,https://www.flipkart.com/alison-brown-sling-bag-black-men/p/itmc0a7abf8ad4cc?pid=SLBGHVFSSHHF7YKZ&lid=LSTSLBGHVFSSHHF7YKZU7XV5E&marketplace=FLIPKART&q=bag&store=search.flipkart.com&srno=s_4_149&otracker=search&otracker1=search&iid=d889bbb0-40d4-4f6c-bf82-f9b4f942bb09.SLBGHVFSSHHF7YKZ.SEARCH&ssid=u0rjxintfk0000001758308767462&qH=4a82715423d654d6
ANANYA ENTERPRISES,10 L Gym Duffel Bag - Gym Bag Combo Men's Gloves black Wrist Support Band and big spider shaker Bottle - Brown,₹460,https://www.flipkart.com/ananya-enterprises-gym-bag-combo-men-s-gloves-black-wrist-support-band-big-spider-shaker-bottle-duffel/p/itmb75e89f64610e?pid=DFBGM2HMNSAGUMEN&lid=LSTDFBGM2HMNSAGUMENESZYHS&marketplace=FLIPKART&q=bag&store=search.flipkart.com&srno=s_4_150&otracker=search&otracker1=search&iid=d889bbb0-40d4-4f6c-bf82-f9b4f942bb09.DFBGM2HMNSAGUMEN.SEARCH&ssid=u0rjxintfk0000001758308767462&qH=4a82715423d654d6
SBCOLLECTION,Medium 30 L Laptop Backpack Reflective Strip Waterproof Office/School/College/Business/Travel Bag Unisex,₹272,https://www.flipkart.com/sbcollection-reflective-strip-waterproof-office-school-college-business-travel-bag-unisex-30-l-backpack/p/itm49ebf73d3a368?pid=BKPGW3MDMBEXCUHJ&lid=LSTBKPGW3MDMBEXCUHJAUKJ1E&marketplace=FLIPKART&q=bag&store=search.flipkart.com&srno=s_4_151&otracker=search&otracker1=search&iid=en_sKvy9JCZFqmYZ_srel1ksOpLGPx4eUYNG5MGrU-6vBlV_-ch1aa7Mk5afrqg7Ifmo0FZ8KH47BcBWwjLcehBzQ%3D%3D&ssid=u0rjxintfk0000001758308767462&qH=4a82715423d654d6
markway,Large 35 L Laptop Backpack Laptop Water Resistant () Waterproof School Bag,₹301,https://www.flipkart.com/markway-laptop-water-resistant-waterproof-school-bag-35-l-backpack/p/itm794ecbef95dc3?pid=BKPH6GTSN8HRQR5Y&lid=LSTBKPH6GTSN8HRQR5YX7NOL7&marketplace=FLIPKART&q=bag&store=search.flipkart.com&srno=s_4_152&otracker=search&otracker1=search&iid=en_sKvy9JCZFqmYZ_srel1ksOpLGPx4eUYNG5MGrU-6vBnkraW6hIs0iNua5u4gMOys9SSYSYUfavO4JXHJfdkyXw%3D%3D&ssid=u0rjxintfk0000001758308767462&qH=4a82715423d654d6
SNDIA,,₹726,
FORTUNE,Supreme Sona Masoori Rice (Raw),₹395,https://www.flipkart.com/fortune-supreme-sona-masoori-rice-raw/p/itm9425ea131f130?pid=RICF5YKQVHQP2AZA&lid=LSTRICF5YKQVHQP2AZATL3WDV&marketplace=FLIPKART&q=bag&store=search.flipkart.com&srno=s_4_154&otracker=search&otracker1=search&iid=d889bbb0-40d4-4f6c-bf82-f9b4f942bb09.RICF5YKQVHQP2AZA.SEARCH&ssid=u0rjxintfk0000001758308767462&qH=4a82715423d654d6
SKYBAGS,,₹599,
HP,,₹419,
markway,Large 35 L Backpack School /College Office Casual Waterproof,₹279,https://www.flipkart.com/markway-school-college-office-casual-waterproof-35-l-backpack/p/itm22fba92920e5e?pid=BKPGSFTZEYNUWQTH&lid=LSTBKPGSFTZEYNUWQTHFQ3MRG&marketplace=FLIPKART&q=bag&store=search.flipkart.com&srno=s_4_157&otracker=search&otracker1=search&iid=en_sKvy9JCZFqmYZ_srel1ksOpLGPx4eUYNG5MGrU-6vBlO_6ttdEQyXkUz_TYVPz_7EHcCTrnB5mx0oQZ49t4UHA%3D%3D&ssid=u0rjxintfk0000001758308767462&qH=4a82715423d654d6
markway,Large 35 L Backpack School/College Office Casual Waterproof bag,₹298,https://www.flipkart.com/markway-school-college-office-casual-waterproof-bag-35-l-backpack/p/itm5d272221888ec?pid=BKPGSFTZG6YVZB6F&lid=LSTBKPGSFTZG6YVZB6F0V1GDU&marketplace=FLIPKART&q=bag&store=search.flipkart.com&srno=s_4_158&otracker=search&otracker1=search&iid=en_sKvy9JCZFqmYZ_srel1ksOpLGPx4eUYNG5MGrU-6vBmwKcSd4QlHPcNV-x0T4h3Krxb_L49TPLi-_FH1BB_fSw%3D%3D&ssid=u0rjxintfk0000001758308767462&qH=4a82715423d654d6
Uppercase,,₹971,
PUMA,,₹669,
NASHER MILES,,₹919,
SBCOLLECTION,Large 35 L Backpack Backpack/School Bag/College Bag Office Casual Bag Waterproof School Bag,₹292,https://www.flipkart.com/sbcollection-backpack-school-bag-college-bag-office-casual-waterproof-school-35-l-backpack/p/itm33767d48bfdcb?pid=BKPH5VWJQZYQJVGE&lid=LSTBKPH5VWJQZYQJVGE9JRY7K&marketplace=FLIPKART&q=bag&store=search.flipkart.com&srno=s_5_162&otracker=search&otracker1=search&iid=en_5KHKgYr92lQKQ82ahV2SvzRoDN03zmCokI20wu85_4t21wvArZAUBsY2tL3pyZYSrNGfPbLrVY7BbONnzscNFg%3D%3D&ssid=i6pxk4rzao0000001758308778212&qH=4a82715423d654d6
Modinity,Black Men Shoulder Bag Sling Bag for Men |Anti-theft Crossbody Bag USB PU Shoulder Bag,₹355,https://www.flipkart.com/modinity-black-shoulder-bag-sling-men-anti-theft-crossbody-usb-pu/p/itm5c64b3da51dfa?pid=SLBH8WNG4WP5RWGG&lid=LSTSLBH8WNG4WP5RWGGXHDXDF&marketplace=FLIPKART&q=bag&store=search.flipkart.com&srno=s_5_163&otracker=search&otracker1=search&iid=f5ff6852-c80c-4e04-a68f-b5a7c5058158.SLBH8WNG4WP5RWGG.SEARCH&ssid=i6pxk4rzao0000001758308778212&qH=4a82715423d654d6
M Choice,,₹180,
Elmira,,₹910,
ICHIEF,,₹234,
Luzian,Medium 22 L Backpack Casual School Design Tuition College Office Shoulder For Unisex,₹227,https://www.flipkart.com/luzian-casual-school-design-tuition-college-office-shoulder-unisex-22-l-backpack/p/itmeedb7b2edc7be?pid=BKPGZ8Y6FGZAGP7W&lid=LSTBKPGZ8Y6FGZAGP7WF2SAWO&marketplace=FLIPKART&q=bag&store=search.flipkart.com&srno=s_5_167&otracker=search&otracker1=search&iid=en_5KHKgYr92lQKQ82ahV2SvzRoDN03zmCokI20wu85_4v_cTfUgJiVFnsjX4QyR5DF-aAB3YL6_mdNKMsbnPf9Sg%3D%3D&ssid=i6pxk4rzao0000001758308778212&qH=4a82715423d654d6
PROVOGUE,,₹219,
ZipCraze,"Tan Men Messenger Bag - Laptop Bag for Men, PU Leather Expandable Office Bag for Men, 15.6 inches",₹450,https://www.flipkart.com/zipcraze-tan-messenger-bag-laptop-men-pu-leather-expandable-office-15-6-inches/p/itm11f6090c8ed72?pid=SLBHA535HMNN9HQG&lid=LSTSLBHA535HMNN9HQGYPKBNT&marketplace=FLIPKART&q=bag&store=search.flipkart.com&srno=s_5_169&otracker=search&otracker1=search&iid=f5ff6852-c80c-4e04-a68f-b5a7c5058158.SLBHA535HMNN9HQG.SEARCH&ssid=i6pxk4rzao0000001758308778212&qH=4a82715423d654d6
COOL INDIANS,,₹419,
NASHER MILES,,₹909,
NASHER MILES,,"₹1,509",
LionBolt,,₹355,
Shub Labh,"Platinum Super Premium Minikit Rice (Full Grain, Parboiled)",₹800,https://www.flipkart.com/shub-labh-platinum-super-premium-minikit-rice-full-grain-parboiled/p/itm84919b4eb44ac?pid=RICFWCY7YKUANNE7&lid=LSTRICFWCY7YKUANNE7ZHAFKH&marketplace=FLIPKART&q=bag&store=search.flipkart.com&srno=s_5_174&otracker=search&otracker1=search&iid=f5ff6852-c80c-4e04-a68f-b5a7c5058158.RICFWCY7YKUANNE7.SEARCH&ssid=i6pxk4rzao0000001758308778212&qH=4a82715423d654d6
Flycraft,,₹488,
worng,,₹453,
markway,Large 35 L Laptop Backpack spacy comfortable 4th to 10th class casual college Waterproof School Bag,₹264,https://www.flipkart.com/markway-spacy-comfortable-4th-10th-class-casual-college-waterproof-school-bag-35-l-backpack/p/itm254945957396d?pid=BKPGPPRDZGR5CTXE&lid=LSTBKPGPPRDZGR5CTXEGEFK3R&marketplace=FLIPKART&q=bag&store=search.flipkart.com&srno=s_5_177&otracker=search&otracker1=search&iid=en_5KHKgYr92lQKQ82ahV2SvzRoDN03zmCokI20wu85_4tn66pEdfsCnxhQzltXtMD6CfBg-XDaWZZjvHmexSPabg%3D%3D&ssid=i6pxk4rzao0000001758308778212&qH=4a82715423d654d6
NASHER MILES,,₹869,
Catbox,Large 35 L Backpack Medium For College Travel Office For Men & Women,₹288,https://www.flipkart.com/catbox-medium-college-travel-office-men-women-35-l-backpack/p/itm628e0df8aa2f4?pid=BKPH39GKUAFKQ99U&lid=LSTBKPH39GKUAFKQ99UCX0DEZ&marketplace=FLIPKART&q=bag&store=search.flipkart.com&srno=s_5_179&otracker=search&otracker1=search&iid=f5ff6852-c80c-4e04-a68f-b5a7c5058158.BKPH39GKUAFKQ99U.SEARCH&ssid=i6pxk4rzao0000001758308778212&qH=4a82715423d654d6
Roadster,,₹579,
markway,Large 35 L Backpack /School Bag/College Office Casual Waterproof School,₹285,https://www.flipkart.com/markway-school-bag-college-office-casual-waterproof-school-35-l-backpack/p/itm99496768698ff?pid=BKPGSFTZEGUZX9SC&lid=LSTBKPGSFTZEGUZX9SCCCCWJG&marketplace=FLIPKART&q=bag&store=search.flipkart.com&srno=s_5_181&otracker=search&otracker1=search&iid=en_5KHKgYr92lQKQ82ahV2SvzRoDN03zmCokI20wu85_4u7Df4uvrsFBoosJmeTSKy4E_6l5goJwzkwLxoYgsdM2w%3D%3D&ssid=i6pxk4rzao0000001758308778212&qH=4a82715423d654d6
SWISS MILITARY,,"₹1,499",
Wildcraft,,₹599,
khatushyam collection,,₹217,
Zainto,,₹832,
Bagzenia,,₹270,
SBCOLLECTION,,₹411,
PLEXY,,₹471,
Straplt,,₹218,
Swanky,,₹249,
markway,Large 35 L Laptop Backpack Laptop Water Resistant () Waterproof School Bag,₹301,https://www.flipkart.com/markway-laptop-water-resistant-waterproof-school-bag-35-l-backpack/p/itm794ecbef95dc3?pid=BKPH6GTSN8HRQR5Y&lid=LSTBKPH6GTSN8HRQR5YX7NOL7&marketplace=FLIPKART&q=bag&store=search.flipkart.com&srno=s_5_191&otracker=search&otracker1=search&iid=en_5KHKgYr92lQKQ82ahV2SvzRoDN03zmCokI20wu85_4ujTW8h4ScN7Cxiloy-G7BXneuIKAoHKaHNqY_6VcXxWw%3D%3D&ssid=i6pxk4rzao0000001758308778212&qH=4a82715423d654d6
SBCOLLECTION,Medium 30 L Laptop Backpack Reflective Strip Waterproof Office/School/College/Business/Travel Bag Unisex,₹272,https://www.flipkart.com/sbcollection-reflective-strip-waterproof-office-school-college-business-travel-bag-unisex-30-l-backpack/p/itm49ebf73d3a368?pid=BKPGW3MDMBEXCUHJ&lid=LSTBKPGW3MDMBEXCUHJAUKJ1E&marketplace=FLIPKART&q=bag&store=search.flipkart.com&srno=s_5_192&otracker=search&otracker1=search&iid=en_5KHKgYr92lQKQ82ahV2SvzRoDN03zmCokI20wu85_4uH0M7-8BzI3s7IWaCXZO7XbT_WLHOAplKHonO4cA284Q%3D%3D&ssid=i6pxk4rzao0000001758308778212&qH=4a82715423d654d6
zurbaa,,₹340,
ADIDAS,,₹929,
MODISH,"50 L Gym Duffel Bag - 50 Liter Expandable Travel Bags for Women, Duffle Bags for Women Luggage - Maroon",₹265,https://www.flipkart.com/modish-expandable-50-liter-expandable-travel-bags-women-duffle-women-luggage-gym-duffel-bag/p/itmc0f35de0e37e0?pid=DFBH8VUQTPHM7QHY&lid=LSTDFBH8VUQTPHM7QHYYVXKBW&marketplace=FLIPKART&q=bag&store=search.flipkart.com&srno=s_5_195&otracker=search&otracker1=search&iid=f5ff6852-c80c-4e04-a68f-b5a7c5058158.DFBH8VUQTPHM7QHY.SEARCH&ssid=i6pxk4rzao0000001758308778212&qH=4a82715423d654d6
Daawat,Rozana Gold Basmati Rice (Medium Grain),₹600,https://www.flipkart.com/daawat-rozana-gold-basmati-rice-medium-grain/p/itm0c76b17cd186b?pid=RICEUC2YFTZGQPSQ&lid=LSTRICEUC2YFTZGQPSQQV1IKW&marketplace=FLIPKART&q=bag&store=search.flipkart.com&srno=s_5_196&otracker=search&otracker1=search&iid=f5ff6852-c80c-4e04-a68f-b5a7c5058158.RICEUC2YFTZGQPSQ.SEARCH&ssid=i6pxk4rzao0000001758308778212&qH=4a82715423d654d6
markway,Large 35 L Backpack School /College Office Casual Waterproof,₹279,https://www.flipkart.com/markway-school-college-office-casual-waterproof-35-l-backpack/p/itm22fba92920e5e?pid=BKPGSFTZEYNUWQTH&lid=LSTBKPGSFTZEYNUWQTHFQ3MRG&marketplace=FLIPKART&q=bag&store=search.flipkart.com&srno=s_5_197&otracker=search&otracker1=search&iid=en_5KHKgYr92lQKQ82ahV2SvzRoDN03zmCokI20wu85_4smaU8i-dqcoXIsJgGAjnhtEHcCTrnB5mx0oQZ49t4UHA%3D%3D&ssid=i6pxk4rzao0000001758308778212&qH=4a82715423d654d6
markway,Large 35 L Backpack School/College Office Casual Waterproof bag,₹298,https://www.flipkart.com/markway-school-college-office-casual-waterproof-bag-35-l-backpack/p/itm5d272221888ec?pid=BKPGSFTZG6YVZB6F&lid=LSTBKPGSFTZG6YVZB6F0V1GDU&marketplace=FLIPKART&q=bag&store=search.flipkart.com&srno=s_5_198&otracker=search&otracker1=search&iid=en_5KHKgYr92lQKQ82ahV2SvzRoDN03zmCokI20wu85_4v1_3mVHUuRs9u8emRiShxUrxb_L49TPLi-_FH1BB_fSw%3D%3D&ssid=i6pxk4rzao0000001758308778212&qH=4a82715423d654d6
WEIRVI,,₹372,
fellow,,₹393,
NASHER MILES,,₹919,
SBCOLLECTION,Large 35 L Backpack Backpack/School Bag/College Bag Office Casual Bag Waterproof School Bag,₹292,https://www.flipkart.com/sbcollection-backpack-school-bag-college-bag-office-casual-waterproof-school-35-l-backpack/p/itm33767d48bfdcb?pid=BKPH5VWJQZYQJVGE&lid=LSTBKPH5VWJQZYQJVGE9JRY7K&marketplace=FLIPKART&q=bag&store=search.flipkart.com&srno=s_6_202&otracker=search&otracker1=search&iid=en_4mJmP3VcsaT839jiT63qCgk3V1AiCGlrF9NOjV0ELjXSueIz0ryJuNGVObYmwBxKrNGfPbLrVY7BbONnzscNFg%3D%3D&ssid=c85aayqz4g0000001758308789153&qH=4a82715423d654d6
Flamebird,Medium 24 L Laptop Backpack Apex,₹484,https://www.flipkart.com/flamebird-apex-24-l-backpack/p/itm16e2dc12beb0c?pid=BKPH7ZE6ZMNKWQGE&lid=LSTBKPH7ZE6ZMNKWQGEFFQ0ZA&marketplace=FLIPKART&q=bag&store=search.flipkart.com&srno=s_6_203&otracker=search&otracker1=search&iid=fd49e61f-9c01-44b8-bc41-8bc5bc0776ed.BKPH7ZE6ZMNKWQGE.SEARCH&ssid=c85aayqz4g0000001758308789153&qH=4a82715423d654d6
Fast Fashion,,₹203,
25DEGREE N,,₹259,
crafty craft,"Green Men Sling Bag Stylish Cross Body Sling bag for Office, Cash, Business Collection, Travelling",₹176,https://www.flipkart.com/crafty-craft-green-sling-bag-stylish-cross-body-office-cash-business-collection-travelling/p/itm499a77cac7681?pid=SLBGZ9FJ5JRNGRGP&lid=LSTSLBGZ9FJ5JRNGRGPWOHMHN&marketplace=FLIPKART&q=bag&store=search.flipkart.com&srno=s_6_206&otracker=search&otracker1=search&iid=fd49e61f-9c01-44b8-bc41-8bc5bc0776ed.SLBGZ9FJ5JRNGRGP.SEARCH&ssid=c85aayqz4g0000001758308789153&qH=4a82715423d654d6
Luzian,Medium 22 L Backpack Casual School Design Tuition College Office Shoulder For Unisex,₹227,https://www.flipkart.com/luzian-casual-school-design-tuition-college-office-shoulder-unisex-22-l-backpack/p/itmeedb7b2edc7be?pid=BKPGZ8Y6FGZAGP7W&lid=LSTBKPGZ8Y6FGZAGP7WF2SAWO&marketplace=FLIPKART&q=bag&store=search.flipkart.com&srno=s_6_207&otracker=search&otracker1=search&iid=en_4mJmP3VcsaT839jiT63qCgk3V1AiCGlrF9NOjV0ELjVClHsa0ajNUW-vvqoM90r4-aAB3YL6_mdNKMsbnPf9Sg%3D%3D&ssid=c85aayqz4g0000001758308789153&qH=4a82715423d654d6
PROVOGUE,,₹219,
DEZiRE CRAfTS,Blue Men Sling Bag Stylish Shoulder Messenger Bag Waterproof for Men and Women,₹313,https://www.flipkart.com/dezire-crafts-blue-sling-bag-stylish-shoulder-messenger-waterproof-men-women/p/itm030b865a752c5?pid=SLBGAK88VSTFSK3D&lid=LSTSLBGAK88VSTFSK3DVHLZKG&marketplace=FLIPKART&q=bag&store=search.flipkart.com&srno=s_6_209&otracker=search&otracker1=search&iid=fd49e61f-9c01-44b8-bc41-8bc5bc0776ed.SLBGAK88VSTFSK3D.SEARCH&ssid=c85aayqz4g0000001758308789153&qH=4a82715423d654d6
La-Vinci,Brown Men & Women Messenger Bag - Medium Men Brown Messenger Bag/sling bags,₹400,https://www.flipkart.com/la-vinci-brown-messenger-bag-men-bag-sling-bags/p/itm2b9ba917c799e?pid=SLBG4PWSAWKGA9SU&lid=LSTSLBG4PWSAWKGA9SU8GGZRF&marketplace=FLIPKART&q=bag&store=search.flipkart.com&srno=s_6_210&otracker=search&otracker1=search&iid=fd49e61f-9c01-44b8-bc41-8bc5bc0776ed.SLBG4PWSAWKGA9SU.SEARCH&ssid=c85aayqz4g0000001758308789153&qH=4a82715423d654d6
NASHER MILES,,₹909,
NASHER MILES,,"₹1,509",
fashnita,,₹351,
MONVELLI,,₹243,
Javrang,,₹198,
Flipkart Supermart,Lemon Green Tea Bags Box,₹250,https://www.flipkart.com/flipkart-supermart-lemon-green-tea-bags-box/p/itmb0091f926835a?pid=TEAFZX4WCYDT7ZNC&lid=LSTTEAFZX4WCYDT7ZNCDABRES&marketplace=FLIPKART&q=bag&store=search.flipkart.com&srno=s_6_216&otracker=search&otracker1=search&iid=fd49e61f-9c01-44b8-bc41-8bc5bc0776ed.TEAFZX4WCYDT7ZNC.SEARCH&ssid=c85aayqz4g0000001758308789153&qH=4a82715423d654d6
markway,Large 35 L Laptop Backpack spacy comfortable 4th to 10th class casual college Waterproof School Bag,₹264,https://www.flipkart.com/markway-spacy-comfortable-4th-10th-class-casual-college-waterproof-school-bag-35-l-backpack/p/itm254945957396d?pid=BKPGPPRDZGR5CTXE&lid=LSTBKPGPPRDZGR5CTXEGEFK3R&marketplace=FLIPKART&q=bag&store=search.flipkart.com&srno=s_6_217&otracker=search&otracker1=search&iid=en_4mJmP3VcsaT839jiT63qCgk3V1AiCGlrF9NOjV0ELjWhpHyv0s69camOpaauVvLwCfBg-XDaWZZjvHmexSPabg%3D%3D&ssid=c85aayqz4g0000001758308789153&qH=4a82715423d654d6
NASHER MILES,,₹869,
QUECHUA by Decathlon,,₹410,
HP,,₹299,
markway,Large 35 L Backpack /School Bag/College Office Casual Waterproof School,₹285,https://www.flipkart.com/markway-school-bag-college-office-casual-waterproof-school-35-l-backpack/p/itm99496768698ff?pid=BKPGSFTZEGUZX9SC&lid=LSTBKPGSFTZEGUZX9SCCCCWJG&marketplace=FLIPKART&q=bag&store=search.flipkart.com&srno=s_6_221&otracker=search&otracker1=search&iid=en_4mJmP3VcsaT839jiT63qCgk3V1AiCGlrF9NOjV0ELjX75vpw55DxttPKRSfR0aDSE_6l5goJwzkwLxoYgsdM2w%3D%3D&ssid=c85aayqz4g0000001758308789153&qH=4a82715423d654d6
SWISS MILITARY,,"₹1,499",
TORRENTO,,₹252,
FEXMON,Medium 25 L Laptop Backpack Medium Laptop Casual for Men Women Boys Girls/Office,₹288,https://www.flipkart.com/fexmon-medium-laptop-casual-men-women-boys-girls-office-25-l-backpack/p/itm0be535ad4d052?pid=BKPH39J8FGA9JRAJ&lid=LSTBKPH39J8FGA9JRAJ27RYM5&marketplace=FLIPKART&q=bag&store=search.flipkart.com&srno=s_6_224&otracker=search&otracker1=search&iid=fd49e61f-9c01-44b8-bc41-8bc5bc0776ed.BKPH39J8FGA9JRAJ.SEARCH&ssid=c85aayqz4g0000001758308789153&qH=4a82715423d654d6
ARISTOCRAT,,₹609,
Straplt,Blue Men & Women Sling Bag Crossbody Shoulder Backpack Chest Sling Bag Lightweight One Strap Sling Bag,₹197,https://www.flipkart.com/straplt-blue-sling-bag-crossbody-shoulder-backpack-chest-lightweight-one-strap/p/itm57586cd3628c3?pid=SLBGEWN5ZZH9FVK3&lid=LSTSLBGEWN5ZZH9FVK3IDOE7X&marketplace=FLIPKART&q=bag&store=search.flipkart.com&srno=s_6_226&otracker=search&otracker1=search&iid=fd49e61f-9c01-44b8-bc41-8bc5bc0776ed.SLBGEWN5ZZH9FVK3.SEARCH&ssid=c85aayqz4g0000001758308789153&qH=4a82715423d654d6
SBCOLLECTION,,₹411,
PLEXY,,₹471,
ICHIEF,,₹244,
Alison,,₹489,
markway,Large 35 L Laptop Backpack Laptop Water Resistant () Waterproof School Bag,₹301,https://www.flipkart.com/markway-laptop-water-resistant-waterproof-school-bag-35-l-backpack/p/itm794ecbef95dc3?pid=BKPH6GTSN8HRQR5Y&lid=LSTBKPH6GTSN8HRQR5YX7NOL7&marketplace=FLIPKART&q=bag&store=search.flipkart.com&srno=s_6_231&otracker=search&otracker1=search&iid=en_4mJmP3VcsaT839jiT63qCgk3V1AiCGlrF9NOjV0ELjUrKPtL9xbROczm9KogKXIOneuIKAoHKaHNqY_6VcXxWw%3D%3D&ssid=c85aayqz4g0000001758308789153&qH=4a82715423d654d6
SBCOLLECTION,Medium 30 L Laptop Backpack Reflective Strip Waterproof Office/School/College/Business/Travel Bag Unisex,₹272,https://www.flipkart.com/sbcollection-reflective-strip-waterproof-office-school-college-business-travel-bag-unisex-30-l-backpack/p/itm49ebf73d3a368?pid=BKPGW3MDMBEXCUHJ&lid=LSTBKPGW3MDMBEXCUHJAUKJ1E&marketplace=FLIPKART&q=bag&store=search.flipkart.com&srno=s_6_232&otracker=search&otracker1=search&iid=en_4mJmP3VcsaT839jiT63qCgk3V1AiCGlrF9NOjV0ELjVN3nQkZa0209vpJ8vfWYsebT_WLHOAplKHonO4cA284Q%3D%3D&ssid=c85aayqz4g0000001758308789153&qH=4a82715423d654d6
SM,,₹377,
i-bag,,₹301,
EliteCarry,18 L Gym Duffel Bag - FP1 - Brown,₹211,https://www.flipkart.com/elitecarry-fp1-gym-duffel-bag/p/itm89dbebab8530c?pid=DFBGZ9YM9JMYKTEN&lid=LSTDFBGZ9YM9JMYKTENV8EQV8&marketplace=FLIPKART&q=bag&store=search.flipkart.com&srno=s_6_235&otracker=search&otracker1=search&iid=fd49e61f-9c01-44b8-bc41-8bc5bc0776ed.DFBGZ9YM9JMYKTEN.SEARCH&ssid=c85aayqz4g0000001758308789153&qH=4a82715423d654d6
wynex,,₹349,
markway,Large 35 L Backpack School /College Office Casual Waterproof,₹279,https://www.flipkart.com/markway-school-college-office-casual-waterproof-35-l-backpack/p/itm22fba92920e5e?pid=BKPGSFTZEYNUWQTH&lid=LSTBKPGSFTZEYNUWQTHFQ3MRG&marketplace=FLIPKART&q=bag&store=search.flipkart.com&srno=s_6_237&otracker=search&otracker1=search&iid=en_4mJmP3VcsaT839jiT63qCgk3V1AiCGlrF9NOjV0ELjWn-Ev5he4ZWhYd1pfBS9sJEHcCTrnB5mx0oQZ49t4UHA%3D%3D&ssid=c85aayqz4g0000001758308789153&qH=4a82715423d654d6
HRX by Hrithik Roshan,,₹789,
,"Frontech KB-0042 Wired Keyboard | RGB Backlight | 104 Keys Wired USB Standard Gaming Keyboard Compatible with Desktop, Laptop, Mac with gaming mode ,stand support,multimedia_keys",₹449,https://www.flipkart.com/frontech-kb-0042-wired-keyboard-rgb-backlight-104-keys-usb-standard-gaming-compatible-desktop-laptop-mac-mode-stand-support-multimedia-keys/p/itm9d44588455b56?pid=ACCH2KZB8N2TYFAU&lid=LSTACCH2KZB8N2TYFAU3S6ZZQ&marketplace=FLIPKART&q=bag&store=search.flipkart.com&srno=s_6_239&otracker=search&otracker1=search&iid=fd49e61f-9c01-44b8-bc41-8bc5bc0776ed.ACCH2KZB8N2TYFAU.SEARCH&ssid=c85aayqz4g0000001758308789153&qH=4a82715423d654d6
Catbox,Large 35 L Laptop Backpack Large 35L backpack men and women backpack for school bag college bag,₹237,https://www.flipkart.com/catbox-large-35l-backpack-men-women-school-bag-college-35-l/p/itm25643f6bf6287?pid=BKPGVM3FUXZN92BS&lid=LSTBKPGVM3FUXZN92BSLWYYPK&marketplace=FLIPKART&q=bag&store=search.flipkart.com&srno=s_6_240&otracker=search&otracker1=search&iid=fd49e61f-9c01-44b8-bc41-8bc5bc0776ed.BKPGVM3FUXZN92BS.SEARCH&ssid=c85aayqz4g0000001758308789153&qH=4a82715423d654d6
NASHER MILES,,₹919,
SBCOLLECTION,Large 35 L Backpack Backpack/School Bag/College Bag Office Casual Bag Waterproof School Bag,₹292,https://www.flipkart.com/sbcollection-backpack-school-bag-college-bag-office-casual-waterproof-school-35-l-backpack/p/itm33767d48bfdcb?pid=BKPH5VWJQZYQJVGE&lid=LSTBKPH5VWJQZYQJVGE9JRY7K&marketplace=FLIPKART&q=bag&store=search.flipkart.com&srno=s_7_242&otracker=search&otracker1=search&iid=en_QeJUZ0Ld9hMHeXMLOeG74i4fAizZP14YEFSaHzBXBMf66nm4Uw1wJmzAgzVSGPulrNGfPbLrVY7BbONnzscNFg%3D%3D&ssid=o8d1aurilc0000001758308800085&qH=4a82715423d654d6
SWISS MILITARY,,₹649,
WALSON,,₹797,
Floto,Small 20 L Laptop Backpack Menbackpacks Boys bags for school college riding hiking mercedes stylish bag,₹269,https://www.flipkart.com/floto-menbackpacks-boys-bags-school-college-riding-hiking-mercedes-stylish-bag-20-l-backpack/p/itme3aaac1a014b4?pid=BKPHYATJYYVHAKVK&lid=LSTBKPHYATJYYVHAKVKSYIFZ8&marketplace=FLIPKART&q=bag&store=search.flipkart.com&srno=s_7_245&otracker=search&otracker1=search&iid=dd369d2e-1119-4ba5-9bcb-62be4cab6197.BKPHYATJYYVHAKVK.SEARCH&ssid=o8d1aurilc0000001758308800085&qH=4a82715423d654d6
NDT,,₹320,
Luzian,Medium 22 L Backpack Casual School Design Tuition College Office Shoulder For Unisex,₹227,https://www.flipkart.com/luzian-casual-school-design-tuition-college-office-shoulder-unisex-22-l-backpack/p/itmeedb7b2edc7be?pid=BKPGZ8Y6FGZAGP7W&lid=LSTBKPGZ8Y6FGZAGP7WF2SAWO&marketplace=FLIPKART&q=bag&store=search.flipkart.com&srno=s_7_247&otracker=search&otracker1=search&iid=en_QeJUZ0Ld9hMHeXMLOeG74i4fAizZP14YEFSaHzBXBMfhvpOWcg1K7TZdyqJuArhKkskQEe18VY8O4odwcXcvlQ%3D%3D&ssid=o8d1aurilc0000001758308800085&qH=4a82715423d654d6
PROVOGUE,,₹219,
Alison,"Brown Men Shoulder Bag Men Sling Bag,Shoulder bag for men,New stylish bag ,,office bag men",₹300,https://www.flipkart.com/alison-brown-shoulder-bag-men-sling-bag-shoulder-men-new-stylish-office/p/itm383ea774159a2?pid=SLBH9MKTVBFUMJ3N&lid=LSTSLBH9MKTVBFUMJ3NOBDTMD&marketplace=FLIPKART&q=bag&store=search.flipkart.com&srno=s_7_249&otracker=search&otracker1=search&iid=dd369d2e-1119-4ba5-9bcb-62be4cab6197.SLBH9MKTVBFUMJ3N.SEARCH&ssid=o8d1aurilc0000001758308800085&qH=4a82715423d654d6
Alison,Black Men Shoulder Bag Sling Bag For Men Shoulder Crossbody Bag Anti-Theft For Travel with USB Charging,₹419,https://www.flipkart.com/alison-black-shoulder-bag-sling-men-crossbody-anti-theft-travel-usb-charging/p/itmc4ea208557ac7?pid=SLBHBG6GGEHX9MDH&lid=LSTSLBHBG6GGEHX9MDHIXCEAP&marketplace=FLIPKART&q=bag&store=search.flipkart.com&srno=s_7_250&otracker=search&otracker1=search&iid=dd369d2e-1119-4ba5-9bcb-62be4cab6197.SLBHBG6GGEHX9MDH.SEARCH&ssid=o8d1aurilc0000001758308800085&qH=4a82715423d654d6
NASHER MILES,,₹909,
NASHER MILES,,"₹1,509",
GJSHOP,"Black Men & Women Shoulder Bag Multi-pocket functional chest bag, sports fitness business crossbody bag",₹325,https://www.flipkart.com/gjshop-black-shoulder-bag-multi-pocket-functional-chest-bag-sports-fitness-business-crossbody/p/itm86931417a73d6?pid=SLBH7VYYG9HTJKVT&lid=LSTSLBH7VYYG9HTJKVT1MOUCF&marketplace=FLIPKART&q=bag&store=search.flipkart.com&srno=s_7_253&otracker=search&otracker1=search&iid=dd369d2e-1119-4ba5-9bcb-62be4cab6197.SLBH7VYYG9HTJKVT.SEARCH&ssid=o8d1aurilc0000001758308800085&qH=4a82715423d654d6
zesla,Black Men & Women Sling Bag Small Crossbody,₹284,https://www.flipkart.com/zesla-black-sling-bag-small-crossbody/p/itm5bb84e15b84cd?pid=SLBHFGGKZ65RZ3ZH&lid=LSTSLBHFGGKZ65RZ3ZHR3EUCU&marketplace=FLIPKART&q=bag&store=search.flipkart.com&srno=s_7_254&otracker=search&otracker1=search&iid=dd369d2e-1119-4ba5-9bcb-62be4cab6197.SLBHFGGKZ65RZ3ZH.SEARCH&ssid=o8d1aurilc0000001758308800085&qH=4a82715423d654d6
ZipCraze,,₹500,
MODISH,"50 L Gym Duffel Bag - 50 Liter Expandable Travel Bags for Women, Duffle Bags for Women Luggage - Green",₹269,https://www.flipkart.com/modish-expandable-50-liter-expandable-travel-bags-women-duffle-women-luggage-gym-duffel-bag/p/itm9b8893dbe8f53?pid=DFBH8UHUPGYHXU7X&lid=LSTDFBH8UHUPGYHXU7XW18HAR&marketplace=FLIPKART&q=bag&store=search.flipkart.com&srno=s_7_256&otracker=search&otracker1=search&iid=dd369d2e-1119-4ba5-9bcb-62be4cab6197.DFBH8UHUPGYHXU7X.SEARCH&ssid=o8d1aurilc0000001758308800085&qH=4a82715423d654d6
markway,Large 35 L Laptop Backpack spacy comfortable 4th to 10th class casual college Waterproof School Bag,₹264,https://www.flipkart.com/markway-spacy-comfortable-4th-10th-class-casual-college-waterproof-school-bag-35-l-backpack/p/itm254945957396d?pid=BKPGPPRDZGR5CTXE&lid=LSTBKPGPPRDZGR5CTXEGEFK3R&marketplace=FLIPKART&q=bag&store=search.flipkart.com&srno=s_7_257&otracker=search&otracker1=search&iid=en_QeJUZ0Ld9hMHeXMLOeG74i4fAizZP14YEFSaHzBXBMdGKOTByRZulEtKO6JxHUq0ROHuuZi0fUGdG2U0bppC0Q%3D%3D&ssid=o8d1aurilc0000001758308800085&qH=4a82715423d654d6
NASHER MILES,,₹869,
MAIZO,,₹176,
Daawat,Super Basmati Rice (Long Grain),₹788,https://www.flipkart.com/daawat-super-basmati-rice-long-grain/p/itm5e7f4d650da77?pid=RICEUC2YGH9ZBNEH&lid=LSTRICEUC2YGH9ZBNEHVXLKOY&marketplace=FLIPKART&q=bag&store=search.flipkart.com&srno=s_7_260&otracker=search&otracker1=search&iid=dd369d2e-1119-4ba5-9bcb-62be4cab6197.RICEUC2YGH9ZBNEH.SEARCH&ssid=o8d1aurilc0000001758308800085&qH=4a82715423d654d6
markway,Large 35 L Backpack /School Bag/College Office Casual Waterproof School,₹285,https://www.flipkart.com/markway-school-bag-college-office-casual-waterproof-school-35-l-backpack/p/itm99496768698ff?pid=BKPGSFTZEGUZX9SC&lid=LSTBKPGSFTZEGUZX9SCCCCWJG&marketplace=FLIPKART&q=bag&store=search.flipkart.com&srno=s_7_261&otracker=search&otracker1=search&iid=en_QeJUZ0Ld9hMHeXMLOeG74i4fAizZP14YEFSaHzBXBMfKaxScSTELGf0ymOmAEOk0E_6l5goJwzkwLxoYgsdM2w%3D%3D&ssid=o8d1aurilc0000001758308800085&qH=4a82715423d654d6
SBCOLLECTION,,₹411,
HRX by Hrithik Roshan,,₹839,
ADAAZEL,Large 45 L Laptop Backpack BLACK-HAVVY-BELT,₹322,https://www.flipkart.com/adaazel-black-havvy-belt-45-l-backpack/p/itmc6d8da148d4bb?pid=BKPGXBY4RRYGAXGB&lid=LSTBKPGXBY4RRYGAXGBJMB3F6&marketplace=FLIPKART&q=bag&store=search.flipkart.com&srno=s_7_264&otracker=search&otracker1=search&iid=dd369d2e-1119-4ba5-9bcb-62be4cab6197.BKPGXBY4RRYGAXGB.SEARCH&ssid=o8d1aurilc0000001758308800085&qH=4a82715423d654d6
facto,,₹388,
NorthZone,,₹489,
PLEXY,,₹471,
SBCOLLECTION,Medium 30 L Laptop Backpack Reflective Strip Waterproof Office/School/College/Business/Travel Bag Unisex,₹272,https://www.flipkart.com/sbcollection-reflective-strip-waterproof-office-school-college-business-travel-bag-unisex-30-l-backpack/p/itm49ebf73d3a368?pid=BKPGW3MDMBEXCUHJ&lid=LSTBKPGW3MDMBEXCUHJAUKJ1E&marketplace=FLIPKART&q=bag&store=search.flipkart.com&srno=s_7_268&otracker=search&otracker1=search&iid=en_QeJUZ0Ld9hMHeXMLOeG74i4fAizZP14YEFSaHzBXBMdeYTgLU2i1Kanka3ow3ZU-KAYteqLhPOgyYWwbIaOWEA%3D%3D&ssid=o8d1aurilc0000001758308800085&qH=4a82715423d654d6
Bluejay,Large 40 L Backpack Casual Laptop School/College/Office/Travel Bag For Men & Women,₹290,https://www.flipkart.com/bluejay-casual-laptop-school-college-office-travel-bag-men-women-40-l-backpack/p/itm3441b7aa5d946?pid=BKPGKVBP9GN6MB4K&lid=LSTBKPGKVBP9GN6MB4K5DVVJM&marketplace=FLIPKART&q=bag&store=search.flipkart.com&srno=s_7_269&otracker=search&otracker1=search&iid=dd369d2e-1119-4ba5-9bcb-62be4cab6197.BKPGKVBP9GN6MB4K.SEARCH&ssid=o8d1aurilc0000001758308800085&qH=4a82715423d654d6
Xelcis,,₹378,
markway,Large 35 L Laptop Backpack Laptop Water Resistant () Waterproof School Bag,₹301,https://www.flipkart.com/markway-laptop-water-resistant-waterproof-school-bag-35-l-backpack/p/itm794ecbef95dc3?pid=BKPH6GTSN8HRQR5Y&lid=LSTBKPH6GTSN8HRQR5YX7NOL7&marketplace=FLIPKART&q=bag&store=search.flipkart.com&srno=s_7_271&otracker=search&otracker1=search&iid=en_QeJUZ0Ld9hMHeXMLOeG74i4fAizZP14YEFSaHzBXBMcgIHCJiz-jPDOrLEYi3U2cneuIKAoHKaHNqY_6VcXxWw%3D%3D&ssid=o8d1aurilc0000001758308800085&qH=4a82715423d654d6
markway,Large 35 L Backpack School /College Office Casual Waterproof,₹279,https://www.flipkart.com/markway-school-college-office-casual-waterproof-35-l-backpack/p/itm22fba92920e5e?pid=BKPGSFTZEYNUWQTH&lid=LSTBKPGSFTZEYNUWQTHFQ3MRG&marketplace=FLIPKART&q=bag&store=search.flipkart.com&srno=s_7_272&otracker=search&otracker1=search&iid=en_QeJUZ0Ld9hMHeXMLOeG74i4fAizZP14YEFSaHzBXBMcMehbJFlAz4HBYKvwQwSMpIdom9fwcbTQsPQWtz6gqcg%3D%3D&ssid=o8d1aurilc0000001758308800085&qH=4a82715423d654d6
Swanky,,₹197,
Romofy,Brown Men Sling Bag Casual Trendy Travel Shoulder Crossbody Daytrip Men Slingbag,₹228,https://www.flipkart.com/romofy-brown-sling-bag-casual-trendy-travel-shoulder-crossbody-daytrip-men-slingbag/p/itm1edb08d602b35?pid=SLBGAZWK4NFZUHHV&lid=LSTSLBGAZWK4NFZUHHVNWF4QP&marketplace=FLIPKART&q=bag&store=search.flipkart.com&srno=s_7_274&otracker=search&otracker1=search&iid=dd369d2e-1119-4ba5-9bcb-62be4cab6197.SLBGAZWK4NFZUHHV.SEARCH&ssid=o8d1aurilc0000001758308800085&qH=4a82715423d654d6
ASSTYLE,Grey Men Sling Bag Sling Bag Cross body Men’s Sling Messenger Bag for Travel / Office / Business,₹150,https://www.flipkart.com/asstyle-grey-sling-bag-cross-body-mens-messenger-travel-office-business/p/itm0a4f91cddc13a?pid=SLBHCSW8VWMJZDTT&lid=LSTSLBHCSW8VWMJZDTT8IMNIE&marketplace=FLIPKART&q=bag&store=search.flipkart.com&srno=s_7_275&otracker=search&otracker1=search&iid=dd369d2e-1119-4ba5-9bcb-62be4cab6197.SLBHCSW8VWMJZDTT.SEARCH&ssid=o8d1aurilc0000001758308800085&qH=4a82715423d654d6
PROVOGUE PLUS,Blue Men & Women Shoulder Bag LEGENDER Unisex Crossbody Bag Sling Bag With USB PORT and SECURE LOCKING SYSTEM,₹490,https://www.flipkart.com/provogue-plus-blue-shoulder-bag-legender-unisex-crossbody-sling-usb-port-secure-locking-system/p/itm5903fcc9622a6?pid=SLBH8ZFJHCZ7QPP7&lid=LSTSLBH8ZFJHCZ7QPP7IVT482&marketplace=FLIPKART&q=bag&store=search.flipkart.com&srno=s_7_276&otracker=search&otracker1=search&iid=dd369d2e-1119-4ba5-9bcb-62be4cab6197.SLBH8ZFJHCZ7QPP7.SEARCH&ssid=o8d1aurilc0000001758308800085&qH=4a82715423d654d6
HRX by Hrithik Roshan,,₹789,
markway,Large 35 L Backpack School/College Office Casual Waterproof bag,₹298,https://www.flipkart.com/markway-school-college-office-casual-waterproof-bag-35-l-backpack/p/itm5d272221888ec?pid=BKPGSFTZG6YVZB6F&lid=LSTBKPGSFTZG6YVZB6F0V1GDU&marketplace=FLIPKART&q=bag&store=search.flipkart.com&srno=s_7_278&otracker=search&otracker1=search&iid=en_QeJUZ0Ld9hMHeXMLOeG74i4fAizZP14YEFSaHzBXBMf2LJDO0PHSUYtD8ytqLWkgrxb_L49TPLi-_FH1BB_fSw%3D%3D&ssid=o8d1aurilc0000001758308800085&qH=4a82715423d654d6
STORITE,Green Men & Women Sling Bag Cros Body Travel Office Business Messenger One Side Shoulder Bag,₹364,https://www.flipkart.com/storite-green-sling-bag-cros-body-travel-office-business-messenger-one-side-shoulder/p/itmd78b2e091666b?pid=SLBGHUSMWHEB3FD9&lid=LSTSLBGHUSMWHEB3FD9VMP9ZE&marketplace=FLIPKART&q=bag&store=search.flipkart.com&srno=s_7_279&otracker=search&otracker1=search&iid=dd369d2e-1119-4ba5-9bcb-62be4cab6197.SLBGHUSMWHEB3FD9.SEARCH&ssid=o8d1aurilc0000001758308800085&qH=4a82715423d654d6
FUOCO,40 L Gym Duffel Bag - Empowered Camouflage Black - Multicolor,₹633,https://www.flipkart.com/fuoco-empowered-camouflage-black-gym-duffel-bag/p/itmd39d2763034fd?pid=DFBGCUCPHSDCMWFK&lid=LSTDFBGCUCPHSDCMWFK7SBP9F&marketplace=FLIPKART&q=bag&store=search.flipkart.com&srno=s_7_280&otracker=search&otracker1=search&iid=dd369d2e-1119-4ba5-9bcb-62be4cab6197.DFBGCUCPHSDCMWFK.SEARCH&ssid=o8d1aurilc0000001758308800085&qH=4a82715423d654d6
NASHER MILES,,₹919,
SBCOLLECTION,Large 35 L Backpack Backpack/School Bag/College Bag Office Casual Bag Waterproof School Bag,₹292,https://www.flipkart.com/sbcollection-backpack-school-bag-college-bag-office-casual-waterproof-school-35-l-backpack/p/itm33767d48bfdcb?pid=BKPH5VWJQZYQJVGE&lid=LSTBKPH5VWJQZYQJVGE9JRY7K&marketplace=FLIPKART&q=bag&store=search.flipkart.com&srno=s_8_282&otracker=search&otracker1=search&iid=en_3jiBUp79Q5HJqkibV9CSKHqE_8uR8wOT8olhhxwbZ89xrq-Ad1wTZ6wsTzdke9XJrNGfPbLrVY7BbONnzscNFg%3D%3D&ssid=prbu061cu80000001758308813602&qH=4a82715423d654d6
CROWN,,₹276,
SBCOLLECTION,Medium 30 L Laptop Backpack Reflective Strip Waterproof Office/School/College/Business/Travel Bag Unisex,₹319,https://www.flipkart.com/sbcollection-reflective-strip-waterproof-office-school-college-business-travel-bag-unisex-30-l-backpack/p/itm021c48d0bd056?pid=BKPGW3M7TGJSNYXN&lid=LSTBKPGW3M7TGJSNYXNKRPZZ6&marketplace=FLIPKART&q=bag&store=search.flipkart.com&srno=s_8_284&otracker=search&otracker1=search&iid=ea230013-0614-476b-8d2f-41b38634d35e.BKPGW3M7TGJSNYXN.SEARCH&ssid=prbu061cu80000001758308813602&qH=4a82715423d654d6
Cluci,,₹375,
Floto,,₹315,
Luzian,Medium 22 L Backpack Casual School Design Tuition College Office Shoulder For Unisex,₹227,https://www.flipkart.com/luzian-casual-school-design-tuition-college-office-shoulder-unisex-22-l-backpack/p/itmeedb7b2edc7be?pid=BKPGZ8Y6FGZAGP7W&lid=LSTBKPGZ8Y6FGZAGP7WF2SAWO&marketplace=FLIPKART&q=bag&store=search.flipkart.com&srno=s_8_287&otracker=search&otracker1=search&iid=en_3jiBUp79Q5HJqkibV9CSKHqE_8uR8wOT8olhhxwbZ88ICyZZ2tfZjivR5JfSzKzQ-aAB3YL6_mdNKMsbnPf9Sg%3D%3D&ssid=prbu061cu80000001758308813602&qH=4a82715423d654d6
PROVOGUE,,₹219,
H-Hemes,Small 16 L Backpack Small Bag Printed Bag for Daily Use Gym Bag With Front Zipper Pocket,₹270,https://www.flipkart.com/h-hemes-small-bag-printed-daily-use-gym-front-zipper-pocket-16-l-backpack/p/itm00387635d7a16?pid=BKPH2HW6YBGZDER8&lid=LSTBKPH2HW6YBGZDER8UT2KZS&marketplace=FLIPKART&q=bag&store=search.flipkart.com&srno=s_8_289&otracker=search&otracker1=search&iid=ea230013-0614-476b-8d2f-41b38634d35e.BKPH2HW6YBGZDER8.SEARCH&ssid=prbu061cu80000001758308813602&qH=4a82715423d654d6
ADAAZEL,,₹289,
NASHER MILES,,₹909,
NASHER MILES,,"₹1,509",
fashnita,,₹367,
Dherik Tradworld,,₹340,
KARTUNBOX,Grey Men Shoulder Bag fashion bag grey,₹403,https://www.flipkart.com/kartunbox-grey-shoulder-bag-fashion/p/itm1a3ed2d8fb967?pid=SLBH3YK4MNCVGZ3Z&lid=LSTSLBH3YK4MNCVGZ3Z8BBYLK&marketplace=FLIPKART&q=bag&store=search.flipkart.com&srno=s_8_295&otracker=search&otracker1=search&iid=ea230013-0614-476b-8d2f-41b38634d35e.SLBH3YK4MNCVGZ3Z.SEARCH&ssid=prbu061cu80000001758308813602&qH=4a82715423d654d6
F Gear,,₹530,
markway,Large 35 L Laptop Backpack spacy comfortable 4th to 10th class casual college Waterproof School Bag,₹264,https://www.flipkart.com/markway-spacy-comfortable-4th-10th-class-casual-college-waterproof-school-bag-35-l-backpack/p/itm254945957396d?pid=BKPGPPRDZGR5CTXE&lid=LSTBKPGPPRDZGR5CTXEGEFK3R&marketplace=FLIPKART&q=bag&store=search.flipkart.com&srno=s_8_297&otracker=search&otracker1=search&iid=en_3jiBUp79Q5HJqkibV9CSKHqE_8uR8wOT8olhhxwbZ8_NGJEZThNbKEVn_Kfx4GnjROHuuZi0fUGdG2U0bppC0Q%3D%3D&ssid=prbu061cu80000001758308813602&qH=4a82715423d654d6
NASHER MILES,,₹869,
LatMap,Black Men Sling Bag Crossbody Bag Side Bag For Men Sling Bag,₹234,https://www.flipkart.com/latmap-black-sling-bag-crossbody-side-men/p/itmf7c2378b1f29d?pid=SLBH9S5VN4QVDX3H&lid=LSTSLBH9S5VN4QVDX3HLDIKF8&marketplace=FLIPKART&q=bag&store=search.flipkart.com&srno=s_8_299&otracker=search&otracker1=search&iid=ea230013-0614-476b-8d2f-41b38634d35e.SLBH9S5VN4QVDX3H.SEARCH&ssid=prbu061cu80000001758308813602&qH=4a82715423d654d6
VK Fashions,,₹212,
markway,Large 35 L Backpack /School Bag/College Office Casual Waterproof School,₹285,https://www.flipkart.com/markway-school-bag-college-office-casual-waterproof-school-35-l-backpack/p/itm99496768698ff?pid=BKPGSFTZEGUZX9SC&lid=LSTBKPGSFTZEGUZX9SCCCCWJG&marketplace=FLIPKART&q=bag&store=search.flipkart.com&srno=s_8_301&otracker=search&otracker1=search&iid=en_3jiBUp79Q5HJqkibV9CSKHqE_8uR8wOT8olhhxwbZ89qtITdPgfzeWrclGNMtNK3E_6l5goJwzkwLxoYgsdM2w%3D%3D&ssid=prbu061cu80000001758308813602&qH=4a82715423d654d6
SWISS MILITARY,,"₹1,499",
FitnessHub,25 L Gym Duffel Bag - Premium Leather Gym Bag for Men &Women|Stylish Travel Duffle with Shoulder Strap - Brown,₹224,https://www.flipkart.com/fitnesshub-premium-leather-gym-bag-men-women-stylish-travel-duffle-shoulder-strap-duffel/p/itm0eb3eb48ee860?pid=DFBHF7BKUHBBWJYS&lid=LSTDFBHF7BKUHBBWJYSCDX6PT&marketplace=FLIPKART&q=bag&store=search.flipkart.com&srno=s_8_303&otracker=search&otracker1=search&iid=ea230013-0614-476b-8d2f-41b38634d35e.DFBHF7BKUHBBWJYS.SEARCH&ssid=prbu061cu80000001758308813602&qH=4a82715423d654d6
,"ZEBRONICS Zeb-Judwaa 750 Combo Wired USB Standard Desktop Keyboard Compatible with Desktop, Laptop, Mac with 104 Keys and a USB Mouse with 1200 DPI",₹379,https://www.flipkart.com/zebronics-zeb-judwaa-750-combo-wired-usb-standard-desktop-keyboard-compatible-desktop-laptop-mac-104-keys-mouse-1200-dpi/p/itm6d37d60574c31?pid=ACCFBDCVVNXUWBXH&lid=LSTACCFBDCVVNXUWBXHFCYQTH&marketplace=FLIPKART&q=bag&store=search.flipkart.com&srno=s_8_304&otracker=search&otracker1=search&iid=ea230013-0614-476b-8d2f-41b38634d35e.ACCFBDCVVNXUWBXH.SEARCH&ssid=prbu061cu80000001758308813602&qH=4a82715423d654d6
markway,Large 35 L Backpack School /College Office Casual Waterproof,₹279,https://www.flipkart.com/markway-school-college-office-casual-waterproof-35-l-backpack/p/itm22fba92920e5e?pid=BKPGSFTZEYNUWQTH&lid=LSTBKPGSFTZEYNUWQTHFQ3MRG&marketplace=FLIPKART&q=bag&store=search.flipkart.com&srno=s_8_305&otracker=search&otracker1=search&iid=ea230013-0614-476b-8d2f-41b38634d35e.BKPGSFTZEYNUWQTH.SEARCH&ssid=prbu061cu80000001758308813602&qH=4a82715423d654d6
HRX by Hrithik Roshan,,₹839,
SBCOLLECTION,,₹411,
PLEXY,,₹471,
Galaxy Craft,,₹498,
Fast look,,₹408,
SBCOLLECTION,Medium 30 L Laptop Backpack Reflective Strip Waterproof Office/School/College/Business/Travel Bag Unisex,₹272,https://www.flipkart.com/sbcollection-reflective-strip-waterproof-office-school-college-business-travel-bag-unisex-30-l-backpack/p/itm49ebf73d3a368?pid=BKPGW3MDMBEXCUHJ&lid=LSTBKPGW3MDMBEXCUHJAUKJ1E&marketplace=FLIPKART&q=bag&store=search.flipkart.com&srno=s_8_311&otracker=search&otracker1=search&iid=en_3jiBUp79Q5HJqkibV9CSKHqE_8uR8wOT8olhhxwbZ89ghuTDetWoB9T4zjiRZb7Jo0FZ8KH47BcBWwjLcehBzQ%3D%3D&ssid=prbu061cu80000001758308813602&qH=4a82715423d654d6
markway,Large 35 L Laptop Backpack Laptop Water Resistant () Waterproof School Bag,₹301,https://www.flipkart.com/markway-laptop-water-resistant-waterproof-school-bag-35-l-backpack/p/itm794ecbef95dc3?pid=BKPH6GTSN8HRQR5Y&lid=LSTBKPH6GTSN8HRQR5YX7NOL7&marketplace=FLIPKART&q=bag&store=search.flipkart.com&srno=s_8_312&otracker=search&otracker1=search&iid=en_3jiBUp79Q5HJqkibV9CSKHqE_8uR8wOT8olhhxwbZ88pqC-dM48kFyIGlrTa8JLY9SSYSYUfavO4JXHJfdkyXw%3D%3D&ssid=prbu061cu80000001758308813602&qH=4a82715423d654d6
Aveek,Small 11 L Backpack Bag28,₹182,https://www.flipkart.com/aveek-bag28-11-l-backpack/p/itma13b2189b8142?pid=BKPGQDRFJVHRNG7S&lid=LSTBKPGQDRFJVHRNG7SECJEZO&marketplace=FLIPKART&q=bag&store=search.flipkart.com&srno=s_8_313&otracker=search&otracker1=search&iid=ea230013-0614-476b-8d2f-41b38634d35e.BKPGQDRFJVHRNG7S.SEARCH&ssid=prbu061cu80000001758308813602&qH=4a82715423d654d6
Ultrafine,Large 102 L Backpack New Launch popular Large Size Bike pickup Single Compartment Insulated Thermal Pizza/Food/Meal/Boxes/Grocery Multipurpose Comfortable Carriage Online Delivery Backpack Bag,"₹1,230",https://www.flipkart.com/ultrafine-new-launch-popular-large-size-bike-pickup-single-compartment-insulated-thermal-pizza-food-meal-boxes-grocery-multipurpose-comfortable-carriage-online-delivery-backpack-bag-102-l/p/itm518a6e1187e28?pid=BKPG6BNRFAB5FYDY&lid=LSTBKPG6BNRFAB5FYDYIQ6F2Z&marketplace=FLIPKART&q=bag&store=search.flipkart.com&srno=s_8_314&otracker=search&otracker1=search&iid=ea230013-0614-476b-8d2f-41b38634d35e.BKPG6BNRFAB5FYDY.SEARCH&ssid=prbu061cu80000001758308813602&qH=4a82715423d654d6
WXR,White Men Sling Bag Stylish Trendy College Tuition Multi-Purpose Spacious,₹640,https://www.flipkart.com/wxr-white-sling-bag-stylish-trendy-college-tuition-multi-purpose-spacious/p/itmd8165be50b491?pid=SLBH7C6A2VGGDNK5&lid=LSTSLBH7C6A2VGGDNK5WGAVYX&marketplace=FLIPKART&q=bag&store=search.flipkart.com&srno=s_8_315&otracker=search&otracker1=search&iid=ea230013-0614-476b-8d2f-41b38634d35e.SLBH7C6A2VGGDNK5.SEARCH&ssid=prbu061cu80000001758308813602&qH=4a82715423d654d6
ICHIEF,,₹402,
markway,Large 35 L Backpack School/College Office Casual Waterproof bag,₹298,https://www.flipkart.com/markway-school-college-office-casual-waterproof-bag-35-l-backpack/p/itm5d272221888ec?pid=BKPGSFTZG6YVZB6F&lid=LSTBKPGSFTZG6YVZB6F0V1GDU&marketplace=FLIPKART&q=bag&store=search.flipkart.com&srno=s_8_317&otracker=search&otracker1=search&iid=en_3jiBUp79Q5HJqkibV9CSKHqE_8uR8wOT8olhhxwbZ8_uXbGjZkk78VaS3os3aL89rxb_L49TPLi-_FH1BB_fSw%3D%3D&ssid=prbu061cu80000001758308813602&qH=4a82715423d654d6
HRX by Hrithik Roshan,,₹789,
MOCHI,,"₹1,333",
BIRJIS,Brown Men Sling Bag Rexine / Pu Leather Sling Bag,₹383,https://www.flipkart.com/birjis-brown-sling-bag-rexine-pu-leather/p/itm3c098203ed67d?pid=SLBH57BY5VDRRJNR&lid=LSTSLBH57BY5VDRRJNRNJDAJF&marketplace=FLIPKART&q=bag&store=search.flipkart.com&srno=s_8_320&otracker=search&otracker1=search&iid=ea230013-0614-476b-8d2f-41b38634d35e.SLBH57BY5VDRRJNR.SEARCH&ssid=prbu061cu80000001758308813602&qH=4a82715423d654d6
NASHER MILES,,₹919,
SBCOLLECTION,Large 35 L Backpack Backpack/School Bag/College Bag Office Casual Bag Waterproof School Bag,₹292,https://www.flipkart.com/sbcollection-backpack-school-bag-college-bag-office-casual-waterproof-school-35-l-backpack/p/itm33767d48bfdcb?pid=BKPH5VWJQZYQJVGE&lid=LSTBKPH5VWJQZYQJVGE9JRY7K&marketplace=FLIPKART&q=bag&store=search.flipkart.com&srno=s_9_322&otracker=search&otracker1=search&iid=en_ia8zZM1xvl1DjaooO7Xt5Zz5clRQ3AcDbZ9yTdWHWHLfppPC5eb40M58Rcs5s_DWrNGfPbLrVY7BbONnzscNFg%3D%3D&ssid=3e3jzzr36o0000001758308825324&qH=4a82715423d654d6
Venzina,32.85 L Gym Duffel Bag - Multipurpose Waterproof Travel Hiking Bag with Shoe Compartment Nylon Backpack - Blue,₹928,https://www.flipkart.com/venzina-multipurpose-waterproof-travel-hiking-bag-shoe-compartment-nylon-backpack-gym-duffel/p/itm0aaf32079a06d?pid=DFBH8BFQY7UP8TBM&lid=LSTDFBH8BFQY7UP8TBMOZSPJN&marketplace=FLIPKART&q=bag&store=search.flipkart.com&srno=s_9_323&otracker=search&otracker1=search&iid=be180c40-4fef-4f38-986c-6ee554f8435f.DFBH8BFQY7UP8TBM.SEARCH&ssid=3e3jzzr36o0000001758308825324&qH=4a82715423d654d6
Devaaya,"Everyday Basmati Rice (Broken Grain, Raw)",₹650,https://www.flipkart.com/devaaya-everyday-basmati-rice-broken-grain-raw/p/itm542edb57e0bb1?pid=RICG9H9S9YQYFHP6&lid=LSTRICG9H9S9YQYFHP6MRSIZJ&marketplace=FLIPKART&q=bag&store=search.flipkart.com&srno=s_9_324&otracker=search&otracker1=search&iid=be180c40-4fef-4f38-986c-6ee554f8435f.RICG9H9S9YQYFHP6.SEARCH&ssid=3e3jzzr36o0000001758308825324&qH=4a82715423d654d6
markway,Large 35 L Backpack /School Bag/College Office Casual Waterproof School,₹285,https://www.flipkart.com/markway-school-bag-college-office-casual-waterproof-school-35-l-backpack/p/itm99496768698ff?pid=BKPGSFTZEGUZX9SC&lid=LSTBKPGSFTZEGUZX9SCCCCWJG&marketplace=FLIPKART&q=bag&store=search.flipkart.com&srno=s_9_325&otracker=search&otracker1=search&iid=be180c40-4fef-4f38-986c-6ee554f8435f.BKPGSFTZEGUZX9SC.SEARCH&ssid=3e3jzzr36o0000001758308825324&qH=4a82715423d654d6
ADAAZEL,Large 45 L Laptop Backpack Casual school college,₹249,https://www.flipkart.com/adaazel-casual-school-college-45-l-backpack/p/itmd5e8332521aa9?pid=BKPGSJ3ZT2MZMETN&lid=LSTBKPGSJ3ZT2MZMETNVXPGN3&marketplace=FLIPKART&q=bag&store=search.flipkart.com&srno=s_9_326&otracker=search&otracker1=search&iid=be180c40-4fef-4f38-986c-6ee554f8435f.BKPGSJ3ZT2MZMETN.SEARCH&ssid=3e3jzzr36o0000001758308825324&qH=4a82715423d654d6
Luzian,Medium 22 L Backpack Casual School Design Tuition College Office Shoulder For Unisex,₹227,https://www.flipkart.com/luzian-casual-school-design-tuition-college-office-shoulder-unisex-22-l-backpack/p/itmeedb7b2edc7be?pid=BKPGZ8Y6FGZAGP7W&lid=LSTBKPGZ8Y6FGZAGP7WF2SAWO&marketplace=FLIPKART&q=bag&store=search.flipkart.com&srno=s_9_327&otracker=search&otracker1=search&iid=en_ia8zZM1xvl1DjaooO7Xt5Zz5clRQ3AcDbZ9yTdWHWHK2libfUbBpNxvo5YT67iDJkskQEe18VY8O4odwcXcvlQ%3D%3D&ssid=3e3jzzr36o0000001758308825324&qH=4a82715423d654d6
PROVOGUE,,₹219,
DEZiRE CRAfTS,,₹273,
SeaRegal,,₹367,
NASHER MILES,,₹909,
NASHER MILES,,"₹1,509",
ADAAZEL,Large 45 L Laptop Backpack Casual unisex Backpack school college laptop office bag,₹251,https://www.flipkart.com/adaazel-casual-unisex-backpack-school-college-laptop-office-bag-45-l/p/itm157da5f34b31e?pid=BKPGSJ3ZYJGVGVFP&lid=LSTBKPGSJ3ZYJGVGVFPRFB98S&marketplace=FLIPKART&q=bag&store=search.flipkart.com&srno=s_9_333&otracker=search&otracker1=search&iid=be180c40-4fef-4f38-986c-6ee554f8435f.BKPGSJ3ZYJGVGVFP.SEARCH&ssid=3e3jzzr36o0000001758308825324&qH=4a82715423d654d6
Fast Fashion,Medium 22 L Backpack Pp_012Black_12,₹455,https://www.flipkart.com/fast-fashion-pp-012black-12-22-l-backpack/p/itm94a311d7fb9d2?pid=BKPGZ79EK8PHVUGN&lid=LSTBKPGZ79EK8PHVUGNEK6U7Q&marketplace=FLIPKART&q=bag&store=search.flipkart.com&srno=s_9_334&otracker=search&otracker1=search&iid=be180c40-4fef-4f38-986c-6ee554f8435f.BKPGZ79EK8PHVUGN.SEARCH&ssid=3e3jzzr36o0000001758308825324&qH=4a82715423d654d6
Mencross,,₹403,
facto,Blue Men & Women Sling Bag Men & Women Sling Bag - Extra Large,₹260,https://www.flipkart.com/facto-blue-sling-bag-men-women-extra-large/p/itm304d67ac6807a?pid=SLBGW885PGGDEU3D&lid=LSTSLBGW885PGGDEU3DNH79PX&marketplace=FLIPKART&q=bag&store=search.flipkart.com&srno=s_9_336&otracker=search&otracker1=search&iid=be180c40-4fef-4f38-986c-6ee554f8435f.SLBGW885PGGDEU3D.SEARCH&ssid=3e3jzzr36o0000001758308825324&qH=4a82715423d654d6
markway,Large 35 L Laptop Backpack spacy comfortable 4th to 10th class casual college Waterproof School Bag,₹264,https://www.flipkart.com/markway-spacy-comfortable-4th-10th-class-casual-college-waterproof-school-bag-35-l-backpack/p/itm254945957396d?pid=BKPGPPRDZGR5CTXE&lid=LSTBKPGPPRDZGR5CTXEGEFK3R&marketplace=FLIPKART&q=bag&store=search.flipkart.com&srno=s_9_337&otracker=search&otracker1=search&iid=en_ia8zZM1xvl1DjaooO7Xt5Zz5clRQ3AcDbZ9yTdWHWHKcK_jEut2TnDFdKMXi3iPOROHuuZi0fUGdG2U0bppC0Q%3D%3D&ssid=3e3jzzr36o0000001758308825324&qH=4a82715423d654d6
NASHER MILES,,₹869,
Wildcraft,,₹700,
skynext,Black Men Sling Bag Stylish Men’s Pu Sling Bag Shoulder Bag for Men Casual Travel Messenger Bag,₹295,https://www.flipkart.com/skynext-black-sling-bag-stylish-mens-pu-shoulder-men-casual-travel-messenger/p/itmd1ee05b4fff2f?pid=SLBH6A8GP5U4NAAH&lid=LSTSLBH6A8GP5U4NAAHHIWJX9&marketplace=FLIPKART&q=bag&store=search.flipkart.com&srno=s_9_340&otracker=search&otracker1=search&iid=be180c40-4fef-4f38-986c-6ee554f8435f.SLBH6A8GP5U4NAAH.SEARCH&ssid=3e3jzzr36o0000001758308825324&qH=4a82715423d654d6
SWISS MILITARY,,"₹1,499",
SBCOLLECTION,,₹411,
Byoode,,₹295,
PERFECT STAR,"40 L Gym Duffel Bag - 40 L Hand Duffel Bag 12 inch 9.5 inch 20 inch Stylish Light Weight Small Travel Duffel Bag For Men & Women Quality Tested Luggage Bag - Grey - Regular Capacity {red } - Red, Red",₹309,https://www.flipkart.com/perfect-star-expandable-40-l-hand-duffel-bag-12-inch-9-5-20-stylish-light-weight-small-travel-men-women-quality-tested-luggage-grey-regular-capacity-red-gym/p/itm6d36ab76dd828?pid=DFBG9WT2TSPXWYRW&lid=LSTDFBG9WT2TSPXWYRWFJYASL&marketplace=FLIPKART&q=bag&store=search.flipkart.com&srno=s_9_344&otracker=search&otracker1=search&iid=be180c40-4fef-4f38-986c-6ee554f8435f.DFBG9WT2TSPXWYRW.SEARCH&ssid=3e3jzzr36o0000001758308825324&qH=4a82715423d654d6
COOL INDIANS,,₹398,
,,₹199,
PLEXY,,₹471,
SBCOLLECTION,Medium 30 L Laptop Backpack Reflective Strip Waterproof Office/School/College/Business/Travel Bag Unisex,₹272,https://www.flipkart.com/sbcollection-reflective-strip-waterproof-office-school-college-business-travel-bag-unisex-30-l-backpack/p/itm49ebf73d3a368?pid=BKPGW3MDMBEXCUHJ&lid=LSTBKPGW3MDMBEXCUHJAUKJ1E&marketplace=FLIPKART&q=bag&store=search.flipkart.com&srno=s_9_348&otracker=search&otracker1=search&iid=en_ia8zZM1xvl1DjaooO7Xt5Zz5clRQ3AcDbZ9yTdWHWHK-_swO6mvtSxhgW0TAjhJbN8m6aPlpSiBo5S8X7BMG_g%3D%3D&ssid=3e3jzzr36o0000001758308825324&qH=4a82715423d654d6
Wildcraft,,"₹1,279",
ONEGO,,₹283,
markway,Large 35 L Laptop Backpack Laptop Water Resistant () Waterproof School Bag,₹301,https://www.flipkart.com/markway-laptop-water-resistant-waterproof-school-bag-35-l-backpack/p/itm794ecbef95dc3?pid=BKPH6GTSN8HRQR5Y&lid=LSTBKPH6GTSN8HRQR5YX7NOL7&marketplace=FLIPKART&q=bag&store=search.flipkart.com&srno=s_9_351&otracker=search&otracker1=search&iid=en_ia8zZM1xvl1DjaooO7Xt5Zz5clRQ3AcDbZ9yTdWHWHJQf0en601w8OJLc5NghuSl9SSYSYUfavO4JXHJfdkyXw%3D%3D&ssid=3e3jzzr36o0000001758308825324&qH=4a82715423d654d6
markway,Large 35 L Backpack School /College Office Casual Waterproof,₹279,https://www.flipkart.com/markway-school-college-office-casual-waterproof-35-l-backpack/p/itm22fba92920e5e?pid=BKPGSFTZEYNUWQTH&lid=LSTBKPGSFTZEYNUWQTHFQ3MRG&marketplace=FLIPKART&q=bag&store=search.flipkart.com&srno=s_9_352&otracker=search&otracker1=search&iid=en_ia8zZM1xvl1DjaooO7Xt5Zz5clRQ3AcDbZ9yTdWHWHLPUa0TJMUyUQy4k-NS9jmtEHcCTrnB5mx0oQZ49t4UHA%3D%3D&ssid=3e3jzzr36o0000001758308825324&qH=4a82715423d654d6
Catbox,"Medium 25 L Laptop Backpack Boys & Girls Multipurpose Bag for school, colleges office travel",₹248,https://www.flipkart.com/catbox-boys-girls-multipurpose-bag-school-colleges-office-travel-25-l-backpack/p/itm1ee947ad1c66c?pid=BKPHDFURAKZWZURZ&lid=LSTBKPHDFURAKZWZURZRRSFLV&marketplace=FLIPKART&q=bag&store=search.flipkart.com&srno=s_9_353&otracker=search&otracker1=search&iid=be180c40-4fef-4f38-986c-6ee554f8435f.BKPHDFURAKZWZURZ.SEARCH&ssid=3e3jzzr36o0000001758308825324&qH=4a82715423d654d6
ADAAZEL,Large 45 L Laptop Backpack Laptop Backpack Casual unisex Backpack school college laptop office bag,₹248,https://www.flipkart.com/adaazel-laptop-backpack-casual-unisex-school-college-office-bag-45-l/p/itm68a834c4ef329?pid=BKPGSJ3ZHX8U5HVH&lid=LSTBKPGSJ3ZHX8U5HVHHV8KFC&marketplace=FLIPKART&q=bag&store=search.flipkart.com&srno=s_9_354&otracker=search&otracker1=search&iid=be180c40-4fef-4f38-986c-6ee554f8435f.BKPGSJ3ZHX8U5HVH.SEARCH&ssid=3e3jzzr36o0000001758308825324&qH=4a82715423d654d6
CAPTAIN,,₹242,
markway,Medium 22 L Backpack DORI SPECAILIST BAGPACK FOR DAILY TRAVEL,₹214,https://www.flipkart.com/markway-dori-specailist-bagpack-daily-travel-22-l-backpack/p/itmc3739c94db6e0?pid=BKPH6ZVBVUS99PWA&lid=LSTBKPH6ZVBVUS99PWAXYETBV&marketplace=FLIPKART&q=bag&store=search.flipkart.com&srno=s_9_356&otracker=search&otracker1=search&iid=be180c40-4fef-4f38-986c-6ee554f8435f.BKPH6ZVBVUS99PWA.SEARCH&ssid=3e3jzzr36o0000001758308825324&qH=4a82715423d654d6
HRX by Hrithik Roshan,,₹789,
markway,Large 35 L Backpack School/College Office Casual Waterproof bag,₹298,https://www.flipkart.com/markway-school-college-office-casual-waterproof-bag-35-l-backpack/p/itm5d272221888ec?pid=BKPGSFTZG6YVZB6F&lid=LSTBKPGSFTZG6YVZB6F0V1GDU&marketplace=FLIPKART&q=bag&store=search.flipkart.com&srno=s_9_358&otracker=search&otracker1=search&iid=en_ia8zZM1xvl1DjaooO7Xt5Zz5clRQ3AcDbZ9yTdWHWHIeQH6I-yQ21-oxzNWsS8xHqynNfS070csxG0BPTgYD9A%3D%3D&ssid=3e3jzzr36o0000001758308825324&qH=4a82715423d654d6
SUNBEET,,₹366,
facto,"Blue, Grey Men & Women Sling Bag - Extra Large blue, grey Men & Women Sling Bag - Extra Spacious",₹290,https://www.flipkart.com/facto-blue-grey-sling-bag-men-women-extra-spacious/p/itm65e8c6e8e3867?pid=SLBGJZEQHFMB4X7G&lid=LSTSLBGJZEQHFMB4X7GYWQ6GL&marketplace=FLIPKART&q=bag&store=search.flipkart.com&srno=s_9_360&otracker=search&otracker1=search&iid=be180c40-4fef-4f38-986c-6ee554f8435f.SLBGJZEQHFMB4X7G.SEARCH&ssid=3e3jzzr36o0000001758308825324&qH=4a82715423d654d6
